run_idx,batch_time_s,images_per_sec
0,0.4100063079999927,78.04757969723863
1,0.39945011999998314,80.11012739212934
2,0.39777072799995494,80.44835315283336
3,0.40164920399990933,79.67151355292421
4,0.410089145000029,78.03181427783888
5,0.4122298200001069,77.6266015883851
6,0.4006820960000823,79.86381303144982
7,0.39779298799999196,80.44385136321368
8,0.3961920790000022,80.7689040143577
9,0.3967423429999144,80.65688113357466
10,0.39616800800001784,80.7738114986775
11,0.3983372249999775,80.33394318093623
12,0.39569612700006473,80.87013699781491
13,0.39617974000009326,80.77141955818455
14,0.40227953900000557,79.54667562647167
15,0.3912504009999793,81.7890535529488
16,0.4385279860000537,72.97139754267833
17,0.3959960439999577,80.80888808071886
18,0.39873219300000073,80.25436762263122
19,0.41766562000009344,76.61631330822212
