run_idx,latency_ms
0,78.48088399998687
1,78.94618099999207
2,77.90502499995
3,77.74009000002025
4,78.10574400002679
5,86.54615499995089
6,81.25279599994428
7,81.45274600008179
8,84.83353199994781
9,81.0045270000046
10,81.77387399996405
11,79.4415459999982
12,79.70955500002219
13,78.74555599994437
14,79.23161899998377
15,80.77624100008052
16,77.6788599999918
17,86.19142699990334
18,78.68059400004768
19,83.44560599994111
20,79.17391900002713
21,81.14553399991564
22,80.84561700002268
23,85.1970710000387
24,82.88413800005401
25,82.34898300008808
26,78.93080600001667
27,79.4464829999697
28,78.88352400004806
29,83.37634899999102
30,80.18363300004694
31,80.2832719999742
32,83.08564399999341
33,79.81169099991803
34,82.59447500006445
35,82.53576800007068
36,77.7873310000814
37,80.6103660000872
38,82.7844110000342
39,79.24974100001236
40,79.09827399998903
41,84.49246500003937
42,81.77221000005375
43,80.25518800002374
44,80.8837779999294
45,81.05809599999247
46,80.06369700001414
47,79.69625999999153
48,81.01970299992445
49,79.32874699997683
50,78.66721599998527
51,78.66754099995887
52,79.70955600001162
53,84.23101200003202
54,84.65996799998265
55,80.45192800000223
56,79.93886399992789
57,80.39395299999796
58,80.35391100008837
59,82.06147700002475
60,83.09392000001026
61,78.77298500000052
62,80.38255899998603
63,78.5310890000801
64,78.4939249999752
65,85.47418799992101
66,80.26264000000083
67,83.90982800005986
68,82.81319499997153
69,79.6721819999675
70,81.11388800000441
71,81.79780499995104
72,81.14354399992862
73,82.30029799995009
74,96.56376199995975
75,81.33672999997543
76,81.67293099995732
77,86.56782700006715
78,83.00099600000976
79,84.49775199994747
80,81.20995500007666
81,80.34094900006039
82,102.41103299995302
83,111.59151499998643
84,90.97212999995463
85,79.77434899999025
86,79.6945050000204
87,78.90731700001652
88,81.89728600007129
89,84.19979999996485
90,82.3198409999577
91,84.49719499992625
92,82.00306000003366
93,83.79662400000143
94,78.68470799996885
95,79.12686899999244
96,80.58414800007085
97,79.41035300007115
98,79.6093709999468
99,77.51848600003086
