image_idx,patient_id,step,cumulative_layers_randomized,spearman_rho,ssim
1241,"[[77]
 [82]
 [48]
 [51]
 [52]
 [57]
 [57]
 [55]]",1,dense_out,0.7626419067839998,0.4284672
203,"[[49]
 [48]
 [55]
 [52]
 [57]
 [53]]",1,dense_out,0.0037961306500713947,-4.0661785e-06
1260,"[[77]
 [82]
 [48]
 [53]
 [51]
 [49]
 [49]
 [48]
 [69]]",1,dense_out,0.7562808502513462,0.702247
1626,"[[77]
 [82]
 [48]
 [52]
 [48]
 [50]
 [52]
 [48]
 [66]]",1,dense_out,0.4011289906741861,0.2475092
1578,"[[77]
 [82]
 [48]
 [52]
 [56]
 [50]
 [57]
 [52]
 [66]]",1,dense_out,0.6442271568903933,0.74845225
102,"[[49]
 [48]
 [57]
 [56]
 [57]
 [56]]",1,dense_out,,1.8518136e-05
2925,"[[57]
 [48]
 [50]
 [56]
 [52]]",1,dense_out,,2.2432392e-05
1582,"[[77]
 [82]
 [48]
 [52]
 [56]
 [54]
 [50]
 [49]
 [66]]",1,dense_out,0.8981931176032073,0.8963499
485,"[[57]
 [56]
 [57]
 [57]
 [50]]",1,dense_out,0.5941911699784431,0.5688542
1437,"[[77]
 [82]
 [48]
 [52]
 [57]
 [52]
 [53]
 [51]
 [66]]",1,dense_out,,2.0360225e-05
1897,"[[77]
 [82]
 [48]
 [51]
 [55]
 [52]
 [53]
 [56]
 [66]]",1,dense_out,,1.0840605e-05
2962,"[[57]
 [54]
 [53]
 [56]
 [55]]",1,dense_out,,9.376804e-06
266,"[[49]
 [49]
 [49]
 [49]
 [50]
 [53]]",1,dense_out,,3.306224e-05
1547,"[[77]
 [82]
 [48]
 [49]
 [55]
 [50]
 [54]
 [48]
 [70]]",1,dense_out,0.6018228960975595,0.38747117
2295,"[[56]
 [56]
 [53]
 [49]
 [48]]",1,dense_out,,6.0946386e-06
2605,"[[49]
 [49]
 [49]
 [48]
 [55]
 [55]]",1,dense_out,0.45455041078965785,0.4999073
2357,"[[49]
 [49]
 [50]
 [48]
 [48]
 [50]]",1,dense_out,,6.27242e-06
2603,"[[49]
 [49]
 [48]
 [56]
 [48]
 [56]]",1,dense_out,,1.0430279e-05
1244,"[[77]
 [82]
 [48]
 [51]
 [52]
 [57]
 [57]
 [55]]",1,dense_out,0.7175984574999686,0.4576636
2923,"[[57]
 [48]
 [50]
 [56]
 [52]]",1,dense_out,0.5232888580993189,0.49961957
1200,"[[77]
 [82]
 [48]
 [52]
 [57]
 [57]
 [52]
 [50]
 [66]]",1,dense_out,0.8432931036267808,0.82601887
2762,"[[49]
 [48]
 [51]
 [49]
 [52]
 [56]]",1,dense_out,0.8375830025942916,0.73875624
2423,"[[57]
 [55]
 [57]
 [52]
 [51]]",1,dense_out,,1.1805655e-05
1611,"[[77]
 [82]
 [48]
 [52]
 [48]
 [50]
 [52]
 [48]]",1,dense_out,0.5092000583286413,0.4186021
1999,"[[77]
 [82]
 [48]
 [52]
 [48]
 [50]
 [52]
 [48]
 [66]]",1,dense_out,,1.7132292e-05
2001,"[[49]
 [48]
 [52]
 [50]
 [56]
 [49]]",1,dense_out,,8.844072e-06
1116,"[[77]
 [82]
 [48]
 [53]
 [49]
 [52]
 [54]
 [49]]",1,dense_out,0.7469184509776317,0.54219145
2854,"[[49]
 [48]
 [54]
 [55]
 [50]
 [48]]",1,dense_out,,1.6533448e-05
2721,"[[57]
 [57]
 [48]
 [56]
 [57]]",1,dense_out,0.4196970857797046,0.46496874
1089,"[[57]
 [57]
 [48]
 [49]
 [55]]",1,dense_out,0.5582025059059434,0.5705795
2129,"[[77]
 [82]
 [48]
 [52]
 [57]
 [48]
 [49]
 [57]
 [67]]",1,dense_out,,1.0779592e-05
1551,"[[77]
 [82]
 [48]
 [50]
 [57]
 [50]
 [48]
 [57]
 [73]]",1,dense_out,0.6212048475775714,0.600332
764,"[[49]
 [48]
 [51]
 [52]
 [55]
 [56]]",1,dense_out,,4.1291274e-05
1670,"[[77]
 [82]
 [48]
 [50]
 [54]
 [49]
 [55]
 [53]
 [69]]",1,dense_out,0.42196913386081913,0.25574872
1518,"[[77]
 [82]
 [48]
 [52]
 [48]
 [50]
 [52]
 [48]
 [67]]",1,dense_out,0.7449609682312857,0.70465136
1444,"[[77]
 [82]
 [48]
 [52]
 [57]
 [52]
 [53]
 [51]
 [66]]",1,dense_out,0.6162812492495082,0.4864581
192,"[[49]
 [48]
 [54]
 [48]
 [54]
 [50]]",1,dense_out,-0.09021883823511166,7.4581905e-05
354,"[[49]
 [48]
 [51]
 [53]
 [56]
 [50]]",1,dense_out,0.5546256141209459,0.58283764
1032,"[[77]
 [82]
 [48]
 [50]
 [52]
 [55]
 [56]
 [48]
 [71]]",1,dense_out,0.798393982912665,0.7962358
144,"[[49]
 [49]
 [49]
 [55]
 [56]
 [53]]",1,dense_out,,8.460201e-06
1426,"[[77]
 [82]
 [48]
 [50]
 [52]
 [55]
 [56]
 [48]
 [71]]",1,dense_out,0.7625856094115134,0.6925322
1736,"[[77]
 [82]
 [48]
 [53]
 [49]
 [54]
 [52]
 [52]]",1,dense_out,,7.6220094e-06
139,"[[49]
 [49]
 [49]
 [49]
 [50]
 [53]]",1,dense_out,,9.570556e-06
2586,"[[49]
 [48]
 [56]
 [53]
 [53]
 [48]]",1,dense_out,,8.879995e-06
3029,"[[49]
 [48]
 [57]
 [56]
 [57]
 [56]]",1,dense_out,,8.938103e-06
746,"[[49]
 [48]
 [50]
 [54]
 [52]
 [56]]",1,dense_out,,1.1966243e-05
1178,"[[77]
 [82]
 [48]
 [53]
 [49]
 [55]
 [57]
 [54]
 [66]]",1,dense_out,0.8787645277133156,0.8519736
1395,"[[77]
 [82]
 [48]
 [52]
 [56]
 [57]
 [52]
 [52]
 [66]]",1,dense_out,0.7145241343163411,0.7060393
63,"[[49]
 [48]
 [55]
 [53]
 [48]
 [53]]",1,dense_out,,6.9619755e-06
2542,"[[49]
 [48]
 [54]
 [52]
 [52]
 [50]]",1,dense_out,,8.289531e-06
1231,"[[77]
 [82]
 [48]
 [53]
 [48]
 [54]
 [56]
 [55]
 [67]]",1,dense_out,0.9657421654919344,0.98008364
2298,"[[49]
 [48]
 [54]
 [55]
 [50]
 [48]]",1,dense_out,0.7814269791729074,0.79666185
1866,"[[77]
 [82]
 [48]
 [51]
 [49]
 [52]
 [48]
 [57]
 [66]]",1,dense_out,0.5577079362298197,0.40687937
679,"[[49]
 [49]
 [51]
 [53]
 [53]
 [52]]",1,dense_out,0.6575274450286547,0.45090014
251,"[[49]
 [49]
 [48]
 [53]
 [49]
 [56]]",1,dense_out,,2.286966e-05
765,"[[49]
 [48]
 [51]
 [52]
 [55]
 [56]]",1,dense_out,-0.13663441759143297,0.00028387923
51,"[[49]
 [48]
 [55]
 [52]
 [57]
 [53]]",1,dense_out,,8.453011e-06
2426,"[[57]
 [56]
 [50]
 [52]
 [49]]",1,dense_out,0.4675466311255134,0.32423025
736,"[[49]
 [48]
 [49]
 [55]
 [50]
 [52]]",1,dense_out,,1.5507903e-05
2534,"[[49]
 [48]
 [53]
 [57]
 [51]
 [55]]",1,dense_out,,8.157216e-06
2015,"[[77]
 [82]
 [48]
 [51]
 [51]
 [52]
 [50]
 [48]]",1,dense_out,,7.341635e-06
149,"[[49]
 [49]
 [50]
 [48]
 [55]
 [52]]",1,dense_out,0.4452111535600858,0.40027744
1343,"[[77]
 [82]
 [48]
 [52]
 [48]
 [50]
 [52]
 [48]
 [66]]",1,dense_out,0.8280959937570589,0.74962544
254,"[[49]
 [49]
 [48]
 [53]
 [51]
 [55]]",1,dense_out,,1.4370298e-05
1340,"[[77]
 [82]
 [48]
 [52]
 [48]
 [50]
 [52]
 [48]]",1,dense_out,0.6975031015337336,0.55943245
44,"[[49]
 [48]
 [54]
 [48]
 [54]
 [50]]",1,dense_out,,6.9317375e-06
756,"[[49]
 [49]
 [52]
 [48]
 [49]
 [56]]",1,dense_out,0.7659391396443941,0.7166247
1951,"[[77]
 [82]
 [48]
 [51]
 [56]
 [52]
 [54]
 [57]]",1,dense_out,,1.3057563e-05
2144,"[[77]
 [82]
 [48]
 [53]
 [49]
 [53]
 [56]
 [54]]",1,dense_out,0.611529704829059,0.62415755
240,"[[49]
 [48]
 [57]
 [55]
 [54]
 [57]]",1,dense_out,,2.4009345e-05
1608,"[[77]
 [82]
 [48]
 [52]
 [48]
 [50]
 [52]
 [48]]",1,dense_out,0.8183147295761677,0.8386051
2283,"[[77]
 [82]
 [48]
 [49]
 [55]
 [50]
 [54]
 [48]
 [70]]",1,dense_out,0.13237231735801105,0.00030141708
3045,"[[49]
 [49]
 [49]
 [48]
 [55]
 [53]]",1,dense_out,,7.668616e-06
246,"[[49]
 [48]
 [57]
 [57]
 [54]
 [56]]",1,dense_out,,8.569224e-06
1084,"[[77]
 [82]
 [48]
 [53]
 [48]
 [55]
 [57]
 [49]
 [66]]",1,dense_out,,7.2688204e-06
2447,"[[49]
 [48]
 [48]
 [51]
 [54]
 [48]]",1,dense_out,0.6082315662213996,0.6070009
602,"[[49]
 [48]
 [52]
 [53]
 [53]
 [56]]",1,dense_out,,6.795257e-06
211,"[[49]
 [48]
 [55]
 [53]
 [48]
 [53]]",1,dense_out,-0.22339274550697208,-0.0045168553
331,"[[49]
 [48]
 [50]
 [54]
 [52]
 [56]]",1,dense_out,0.727697970639573,0.8027347
1525,"[[77]
 [82]
 [48]
 [52]
 [48]
 [50]
 [52]
 [48]
 [67]]",1,dense_out,0.8740131067380654,0.8722682
2578,"[[49]
 [48]
 [55]
 [57]
 [52]
 [54]]",1,dense_out,,7.3403494e-06
535,"[[49]
 [48]
 [49]
 [55]
 [50]
 [52]]",1,dense_out,,9.946558e-06
2405,"[[57]
 [55]
 [54]
 [48]
 [55]]",1,dense_out,,1.0649604e-05
2195,"[[77]
 [82]
 [48]
 [53]
 [50]
 [53]
 [53]
 [48]]",1,dense_out,0.03262901167547169,0.00013059465
443,"[[57]
 [55]
 [52]
 [54]
 [49]]",1,dense_out,0.9835918203528,0.9960659
1985,"[[77]
 [82]
 [48]
 [51]
 [57]
 [52]
 [55]
 [51]
 [66]]",1,dense_out,,1.0453261e-05
134,"[[49]
 [49]
 [49]
 [49]
 [50]
 [53]]",1,dense_out,,8.460616e-06
2481,"[[49]
 [48]
 [50]
 [52]
 [50]
 [48]]",1,dense_out,0.2124648659140776,0.19771107
270,"[[49]
 [49]
 [49]
 [49]
 [50]
 [53]]",1,dense_out,,2.4529616e-05
257,"[[49]
 [48]
 [57]
 [57]
 [54]
 [56]]",1,dense_out,0.775580169220585,0.5316514
2221,"[[77]
 [82]
 [48]
 [53]
 [51]
 [49]
 [49]
 [48]
 [66]]",1,dense_out,,1.1894396e-05
1832,"[[77]
 [82]
 [48]
 [53]
 [51]
 [50]
 [52]
 [49]
 [67]]",1,dense_out,0.4922707131413083,0.3771035
2713,"[[57]
 [56]
 [50]
 [52]
 [49]]",1,dense_out,,8.041676e-06
2736,"[[57]
 [57]
 [56]
 [49]
 [53]]",1,dense_out,0.06680713675185657,0.06308792
2727,"[[57]
 [57]
 [50]
 [56]
 [56]]",1,dense_out,,1.4154376e-05
637,"[[49]
 [48]
 [53]
 [54]
 [51]
 [56]]",1,dense_out,,6.2735667e-06
178,"[[49]
 [49]
 [52]
 [51]
 [54]
 [49]]",1,dense_out,,7.671837e-06
52,"[[49]
 [48]
 [55]
 [52]
 [57]
 [53]]",1,dense_out,,7.134267e-06
842,"[[49]
 [48]
 [53]
 [52]
 [55]
 [53]]",1,dense_out,,1.7234717e-05
567,"[[49]
 [48]
 [51]
 [53]
 [56]
 [50]]",1,dense_out,,6.5132667e-06
1241,"[[77]
 [82]
 [48]
 [51]
 [52]
 [57]
 [57]
 [55]]",2,"dense_out,dense1",0.6970940985623766,0.22565793
203,"[[49]
 [48]
 [55]
 [52]
 [57]
 [53]]",2,"dense_out,dense1",-0.03608309808162374,-0.062271733
1260,"[[77]
 [82]
 [48]
 [53]
 [51]
 [49]
 [49]
 [48]
 [69]]",2,"dense_out,dense1",-0.31771403998731235,-0.010028766
1626,"[[77]
 [82]
 [48]
 [52]
 [48]
 [50]
 [52]
 [48]
 [66]]",2,"dense_out,dense1",0.09757846056722445,0.015327224
1578,"[[77]
 [82]
 [48]
 [52]
 [56]
 [50]
 [57]
 [52]
 [66]]",2,"dense_out,dense1",0.3628190427032194,0.040828586
102,"[[49]
 [48]
 [57]
 [56]
 [57]
 [56]]",2,"dense_out,dense1",0.10596699463902304,0.0053921174
2925,"[[57]
 [48]
 [50]
 [56]
 [52]]",2,"dense_out,dense1",0.4573912770298345,0.49757293
1582,"[[77]
 [82]
 [48]
 [52]
 [56]
 [54]
 [50]
 [49]
 [66]]",2,"dense_out,dense1",-0.5089714322819726,-0.18519415
485,"[[57]
 [56]
 [57]
 [57]
 [50]]",2,"dense_out,dense1",-0.3970102350681728,-0.16977012
1437,"[[77]
 [82]
 [48]
 [52]
 [57]
 [52]
 [53]
 [51]
 [66]]",2,"dense_out,dense1",0.3709081539010536,0.03580258
1897,"[[77]
 [82]
 [48]
 [51]
 [55]
 [52]
 [53]
 [56]
 [66]]",2,"dense_out,dense1",0.256049176927145,0.14134434
2962,"[[57]
 [54]
 [53]
 [56]
 [55]]",2,"dense_out,dense1",,0.0016158542
266,"[[49]
 [49]
 [49]
 [49]
 [50]
 [53]]",2,"dense_out,dense1",-0.0324926704628027,-0.06365141
1547,"[[77]
 [82]
 [48]
 [49]
 [55]
 [50]
 [54]
 [48]
 [70]]",2,"dense_out,dense1",-0.40156648992564287,-0.09995477
2295,"[[56]
 [56]
 [53]
 [49]
 [48]]",2,"dense_out,dense1",0.4256711567079793,0.3071193
2605,"[[49]
 [49]
 [49]
 [48]
 [55]
 [55]]",2,"dense_out,dense1",0.1312569850102148,0.0650863
2357,"[[49]
 [49]
 [50]
 [48]
 [48]
 [50]]",2,"dense_out,dense1",0.32295637907295166,0.25473773
2603,"[[49]
 [49]
 [48]
 [56]
 [48]
 [56]]",2,"dense_out,dense1",0.3988645476381573,0.25181034
1244,"[[77]
 [82]
 [48]
 [51]
 [52]
 [57]
 [57]
 [55]]",2,"dense_out,dense1",0.5783166925591672,0.075679146
2923,"[[57]
 [48]
 [50]
 [56]
 [52]]",2,"dense_out,dense1",-0.17762593398134066,-0.056237474
1200,"[[77]
 [82]
 [48]
 [52]
 [57]
 [57]
 [52]
 [50]
 [66]]",2,"dense_out,dense1",-0.14062873196632933,-0.010804085
2762,"[[49]
 [48]
 [51]
 [49]
 [52]
 [56]]",2,"dense_out,dense1",0.8514187725095013,0.2936833
2423,"[[57]
 [55]
 [57]
 [52]
 [51]]",2,"dense_out,dense1",-0.4148599306156452,-0.09069563
1611,"[[77]
 [82]
 [48]
 [52]
 [48]
 [50]
 [52]
 [48]]",2,"dense_out,dense1",-0.34323144271839895,-0.18595317
1999,"[[77]
 [82]
 [48]
 [52]
 [48]
 [50]
 [52]
 [48]
 [66]]",2,"dense_out,dense1",0.3588827215362655,0.14817771
2001,"[[49]
 [48]
 [52]
 [50]
 [56]
 [49]]",2,"dense_out,dense1",0.4719061699434671,0.38736096
1116,"[[77]
 [82]
 [48]
 [53]
 [49]
 [52]
 [54]
 [49]]",2,"dense_out,dense1",0.3701485409673431,0.0018234709
2854,"[[49]
 [48]
 [54]
 [55]
 [50]
 [48]]",2,"dense_out,dense1",0.30498357029779705,0.30919003
2721,"[[57]
 [57]
 [48]
 [56]
 [57]]",2,"dense_out,dense1",-0.3913431703639898,-0.0518527
1089,"[[57]
 [57]
 [48]
 [49]
 [55]]",2,"dense_out,dense1",0.1467526125218545,0.06719215
2129,"[[77]
 [82]
 [48]
 [52]
 [57]
 [48]
 [49]
 [57]
 [67]]",2,"dense_out,dense1",0.6032205082087243,0.53847027
1551,"[[77]
 [82]
 [48]
 [50]
 [57]
 [50]
 [48]
 [57]
 [73]]",2,"dense_out,dense1",-0.46374621388625936,-0.056457598
764,"[[49]
 [48]
 [51]
 [52]
 [55]
 [56]]",2,"dense_out,dense1",0.053474899551833946,0.122260705
1670,"[[77]
 [82]
 [48]
 [50]
 [54]
 [49]
 [55]
 [53]
 [69]]",2,"dense_out,dense1",0.22859848224088702,0.07811784
1518,"[[77]
 [82]
 [48]
 [52]
 [48]
 [50]
 [52]
 [48]
 [67]]",2,"dense_out,dense1",0.0551077140650541,0.0029350831
1444,"[[77]
 [82]
 [48]
 [52]
 [57]
 [52]
 [53]
 [51]
 [66]]",2,"dense_out,dense1",0.006378137033917887,0.0016000797
192,"[[49]
 [48]
 [54]
 [48]
 [54]
 [50]]",2,"dense_out,dense1",0.09556931108839323,0.09215393
354,"[[49]
 [48]
 [51]
 [53]
 [56]
 [50]]",2,"dense_out,dense1",-0.06680415101571696,-0.04684209
1032,"[[77]
 [82]
 [48]
 [50]
 [52]
 [55]
 [56]
 [48]
 [71]]",2,"dense_out,dense1",-0.5795569880581299,-0.066300824
144,"[[49]
 [49]
 [49]
 [55]
 [56]
 [53]]",2,"dense_out,dense1",0.3531997166640032,0.31667602
1426,"[[77]
 [82]
 [48]
 [50]
 [52]
 [55]
 [56]
 [48]
 [71]]",2,"dense_out,dense1",-0.3794889736343276,-0.0896288
1736,"[[77]
 [82]
 [48]
 [53]
 [49]
 [54]
 [52]
 [52]]",2,"dense_out,dense1",-0.5777828887500998,-0.22708586
139,"[[49]
 [49]
 [49]
 [49]
 [50]
 [53]]",2,"dense_out,dense1",0.3237975969734854,0.19275378
2586,"[[49]
 [48]
 [56]
 [53]
 [53]
 [48]]",2,"dense_out,dense1",,0.00045023704
3029,"[[49]
 [48]
 [57]
 [56]
 [57]
 [56]]",2,"dense_out,dense1",0.22988816669889175,0.1406791
746,"[[49]
 [48]
 [50]
 [54]
 [52]
 [56]]",2,"dense_out,dense1",0.5696615350394468,0.6272368
1178,"[[77]
 [82]
 [48]
 [53]
 [49]
 [55]
 [57]
 [54]
 [66]]",2,"dense_out,dense1",0.6556815611789913,0.06663412
1395,"[[77]
 [82]
 [48]
 [52]
 [56]
 [57]
 [52]
 [52]
 [66]]",2,"dense_out,dense1",-0.12151767108970615,-0.059904613
63,"[[49]
 [48]
 [55]
 [53]
 [48]
 [53]]",2,"dense_out,dense1",0.18725236119650454,0.114086844
2542,"[[49]
 [48]
 [54]
 [52]
 [52]
 [50]]",2,"dense_out,dense1",,0.00028982933
1231,"[[77]
 [82]
 [48]
 [53]
 [48]
 [54]
 [56]
 [55]
 [67]]",2,"dense_out,dense1",0.014911166568766659,0.0028852962
2298,"[[49]
 [48]
 [54]
 [55]
 [50]
 [48]]",2,"dense_out,dense1",-0.2228150793439119,-0.020164533
1866,"[[77]
 [82]
 [48]
 [51]
 [49]
 [52]
 [48]
 [57]
 [66]]",2,"dense_out,dense1",0.4085718470094638,0.031472795
679,"[[49]
 [49]
 [51]
 [53]
 [53]
 [52]]",2,"dense_out,dense1",0.8366279687393089,0.20208701
251,"[[49]
 [49]
 [48]
 [53]
 [49]
 [56]]",2,"dense_out,dense1",0.03106003094423273,0.17881119
765,"[[49]
 [48]
 [51]
 [52]
 [55]
 [56]]",2,"dense_out,dense1",-0.09993210046078874,-0.0010889876
51,"[[49]
 [48]
 [55]
 [52]
 [57]
 [53]]",2,"dense_out,dense1",0.3332297248159594,0.14570232
2426,"[[57]
 [56]
 [50]
 [52]
 [49]]",2,"dense_out,dense1",-0.07507538556184339,0.120828055
736,"[[49]
 [48]
 [49]
 [55]
 [50]
 [52]]",2,"dense_out,dense1",0.36306568139834267,0.15376124
2534,"[[49]
 [48]
 [53]
 [57]
 [51]
 [55]]",2,"dense_out,dense1",0.4530757886073831,0.46179327
2015,"[[77]
 [82]
 [48]
 [51]
 [51]
 [52]
 [50]
 [48]]",2,"dense_out,dense1",,0.00018915674
149,"[[49]
 [49]
 [50]
 [48]
 [55]
 [52]]",2,"dense_out,dense1",0.40793231584667794,0.1287997
1343,"[[77]
 [82]
 [48]
 [52]
 [48]
 [50]
 [52]
 [48]
 [66]]",2,"dense_out,dense1",0.6891925332243876,0.25916567
254,"[[49]
 [49]
 [48]
 [53]
 [51]
 [55]]",2,"dense_out,dense1",0.3634512592668953,0.36401114
1340,"[[77]
 [82]
 [48]
 [52]
 [48]
 [50]
 [52]
 [48]]",2,"dense_out,dense1",-0.03725133184965569,0.0036011874
44,"[[49]
 [48]
 [54]
 [48]
 [54]
 [50]]",2,"dense_out,dense1",0.30452421552514697,0.34388506
756,"[[49]
 [49]
 [52]
 [48]
 [49]
 [56]]",2,"dense_out,dense1",0.7891280881596671,0.08963171
1951,"[[77]
 [82]
 [48]
 [51]
 [56]
 [52]
 [54]
 [57]]",2,"dense_out,dense1",0.14136576363238307,0.033843514
2144,"[[77]
 [82]
 [48]
 [53]
 [49]
 [53]
 [56]
 [54]]",2,"dense_out,dense1",-0.3923151162201246,-0.15887108
240,"[[49]
 [48]
 [57]
 [55]
 [54]
 [57]]",2,"dense_out,dense1",0.11031571715235029,0.1369595
1608,"[[77]
 [82]
 [48]
 [52]
 [48]
 [50]
 [52]
 [48]]",2,"dense_out,dense1",0.2545979134945356,0.114930406
2283,"[[77]
 [82]
 [48]
 [49]
 [55]
 [50]
 [54]
 [48]
 [70]]",2,"dense_out,dense1",0.007707545109523951,0.004451556
3045,"[[49]
 [49]
 [49]
 [48]
 [55]
 [53]]",2,"dense_out,dense1",0.5775229650900682,0.47206378
246,"[[49]
 [48]
 [57]
 [57]
 [54]
 [56]]",2,"dense_out,dense1",-0.0858583761462016,0.013177524
1084,"[[77]
 [82]
 [48]
 [53]
 [48]
 [55]
 [57]
 [49]
 [66]]",2,"dense_out,dense1",-0.6154229032909523,-0.49305916
2447,"[[49]
 [48]
 [48]
 [51]
 [54]
 [48]]",2,"dense_out,dense1",-0.334854192592414,-0.055745758
602,"[[49]
 [48]
 [52]
 [53]
 [53]
 [56]]",2,"dense_out,dense1",0.18861489871151196,0.26696238
211,"[[49]
 [48]
 [55]
 [53]
 [48]
 [53]]",2,"dense_out,dense1",0.10996554929395043,0.05529548
331,"[[49]
 [48]
 [50]
 [54]
 [52]
 [56]]",2,"dense_out,dense1",0.09741009727939964,0.02106074
1525,"[[77]
 [82]
 [48]
 [52]
 [48]
 [50]
 [52]
 [48]
 [67]]",2,"dense_out,dense1",0.18590271759165197,0.003858781
2578,"[[49]
 [48]
 [55]
 [57]
 [52]
 [54]]",2,"dense_out,dense1",-0.17405523823755029,-0.06285717
535,"[[49]
 [48]
 [49]
 [55]
 [50]
 [52]]",2,"dense_out,dense1",0.4080097934180672,0.42363456
2405,"[[57]
 [55]
 [54]
 [48]
 [55]]",2,"dense_out,dense1",-0.2036168007686349,-0.10121839
2195,"[[77]
 [82]
 [48]
 [53]
 [50]
 [53]
 [53]
 [48]]",2,"dense_out,dense1",-0.06376959727748083,0.00062308443
443,"[[57]
 [55]
 [52]
 [54]
 [49]]",2,"dense_out,dense1",0.25533770450743043,0.09714776
1985,"[[77]
 [82]
 [48]
 [51]
 [57]
 [52]
 [55]
 [51]
 [66]]",2,"dense_out,dense1",-0.14192137270856223,-0.037829157
134,"[[49]
 [49]
 [49]
 [49]
 [50]
 [53]]",2,"dense_out,dense1",0.340612184112212,0.42220792
2481,"[[49]
 [48]
 [50]
 [52]
 [50]
 [48]]",2,"dense_out,dense1",-0.2636371201721288,-0.2013005
270,"[[49]
 [49]
 [49]
 [49]
 [50]
 [53]]",2,"dense_out,dense1",-0.12004887186677575,-0.14616917
257,"[[49]
 [48]
 [57]
 [57]
 [54]
 [56]]",2,"dense_out,dense1",-0.1473227854330815,-0.0056651924
2221,"[[77]
 [82]
 [48]
 [53]
 [51]
 [49]
 [49]
 [48]
 [66]]",2,"dense_out,dense1",,0.00012020676
1832,"[[77]
 [82]
 [48]
 [53]
 [51]
 [50]
 [52]
 [49]
 [67]]",2,"dense_out,dense1",0.3028627225260087,0.028550047
2713,"[[57]
 [56]
 [50]
 [52]
 [49]]",2,"dense_out,dense1",0.3723972715773169,0.45013413
2736,"[[57]
 [57]
 [56]
 [49]
 [53]]",2,"dense_out,dense1",-0.2879152844671238,-0.03890452
2727,"[[57]
 [57]
 [50]
 [56]
 [56]]",2,"dense_out,dense1",0.3041816082605905,0.18411101
637,"[[49]
 [48]
 [53]
 [54]
 [51]
 [56]]",2,"dense_out,dense1",0.22210132186792547,0.14487815
178,"[[49]
 [49]
 [52]
 [51]
 [54]
 [49]]",2,"dense_out,dense1",0.21295061675890695,0.24128382
52,"[[49]
 [48]
 [55]
 [52]
 [57]
 [53]]",2,"dense_out,dense1",0.5437948419375664,0.50619346
842,"[[49]
 [48]
 [53]
 [52]
 [55]
 [53]]",2,"dense_out,dense1",0.10631044659256908,0.15033793
567,"[[49]
 [48]
 [51]
 [53]
 [56]
 [50]]",2,"dense_out,dense1",0.18711707394670943,0.2271849
1241,"[[77]
 [82]
 [48]
 [51]
 [52]
 [57]
 [57]
 [55]]",3,"dense_out,dense1,last_conv",-0.11655279782527692,-0.0062152655
203,"[[49]
 [48]
 [55]
 [52]
 [57]
 [53]]",3,"dense_out,dense1,last_conv",-0.06556410482629599,-0.00018804497
1260,"[[77]
 [82]
 [48]
 [53]
 [51]
 [49]
 [49]
 [48]
 [69]]",3,"dense_out,dense1,last_conv",0.4365467205658649,0.061992493
1626,"[[77]
 [82]
 [48]
 [52]
 [48]
 [50]
 [52]
 [48]
 [66]]",3,"dense_out,dense1,last_conv",0.4310194076643255,0.058414426
1578,"[[77]
 [82]
 [48]
 [52]
 [56]
 [50]
 [57]
 [52]
 [66]]",3,"dense_out,dense1,last_conv",0.6108674710740238,0.047002234
102,"[[49]
 [48]
 [57]
 [56]
 [57]
 [56]]",3,"dense_out,dense1,last_conv",0.8131582351780267,0.3805807
2925,"[[57]
 [48]
 [50]
 [56]
 [52]]",3,"dense_out,dense1,last_conv",0.14219907282014185,0.024255114
1582,"[[77]
 [82]
 [48]
 [52]
 [56]
 [54]
 [50]
 [49]
 [66]]",3,"dense_out,dense1,last_conv",-0.28227282068230464,-0.15861797
485,"[[57]
 [56]
 [57]
 [57]
 [50]]",3,"dense_out,dense1,last_conv",0.5047714660934245,0.35879928
1437,"[[77]
 [82]
 [48]
 [52]
 [57]
 [52]
 [53]
 [51]
 [66]]",3,"dense_out,dense1,last_conv",0.04303131701224059,0.06658742
1897,"[[77]
 [82]
 [48]
 [51]
 [55]
 [52]
 [53]
 [56]
 [66]]",3,"dense_out,dense1,last_conv",0.10306039478546306,0.11104695
2962,"[[57]
 [54]
 [53]
 [56]
 [55]]",3,"dense_out,dense1,last_conv",,2.9288434e-05
266,"[[49]
 [49]
 [49]
 [49]
 [50]
 [53]]",3,"dense_out,dense1,last_conv",-0.019622527893811654,0.004868561
1547,"[[77]
 [82]
 [48]
 [49]
 [55]
 [50]
 [54]
 [48]
 [70]]",3,"dense_out,dense1,last_conv",-0.6653059805054272,-0.19435555
2295,"[[56]
 [56]
 [53]
 [49]
 [48]]",3,"dense_out,dense1,last_conv",0.16612575566507573,0.1591395
2605,"[[49]
 [49]
 [49]
 [48]
 [55]
 [55]]",3,"dense_out,dense1,last_conv",0.19213112786745704,0.088473424
2357,"[[49]
 [49]
 [50]
 [48]
 [48]
 [50]]",3,"dense_out,dense1,last_conv",-0.044421513128269814,0.048478376
2603,"[[49]
 [49]
 [48]
 [56]
 [48]
 [56]]",3,"dense_out,dense1,last_conv",0.19343289771490493,0.14285651
1244,"[[77]
 [82]
 [48]
 [51]
 [52]
 [57]
 [57]
 [55]]",3,"dense_out,dense1,last_conv",0.2920639341793845,-0.014970351
2923,"[[57]
 [48]
 [50]
 [56]
 [52]]",3,"dense_out,dense1,last_conv",-0.12488260322276666,-0.083370425
1200,"[[77]
 [82]
 [48]
 [52]
 [57]
 [57]
 [52]
 [50]
 [66]]",3,"dense_out,dense1,last_conv",0.7643689511355779,0.45398402
2762,"[[49]
 [48]
 [51]
 [49]
 [52]
 [56]]",3,"dense_out,dense1,last_conv",0.4132198401261792,0.016594812
2423,"[[57]
 [55]
 [57]
 [52]
 [51]]",3,"dense_out,dense1,last_conv",0.23877270613142915,0.23041588
1611,"[[77]
 [82]
 [48]
 [52]
 [48]
 [50]
 [52]
 [48]]",3,"dense_out,dense1,last_conv",0.6131634354645071,0.18410179
1999,"[[77]
 [82]
 [48]
 [52]
 [48]
 [50]
 [52]
 [48]
 [66]]",3,"dense_out,dense1,last_conv",0.43457159410120066,0.10493208
2001,"[[49]
 [48]
 [52]
 [50]
 [56]
 [49]]",3,"dense_out,dense1,last_conv",0.37605374660943774,0.2564933
1116,"[[77]
 [82]
 [48]
 [53]
 [49]
 [52]
 [54]
 [49]]",3,"dense_out,dense1,last_conv",0.5592705554478586,0.007469006
2854,"[[49]
 [48]
 [54]
 [55]
 [50]
 [48]]",3,"dense_out,dense1,last_conv",0.059437034781649405,0.03554723
2721,"[[57]
 [57]
 [48]
 [56]
 [57]]",3,"dense_out,dense1,last_conv",0.32402358956432986,0.25914416
1089,"[[57]
 [57]
 [48]
 [49]
 [55]]",3,"dense_out,dense1,last_conv",0.1332098747538331,0.09463724
2129,"[[77]
 [82]
 [48]
 [52]
 [57]
 [48]
 [49]
 [57]
 [67]]",3,"dense_out,dense1,last_conv",0.2886066336944718,0.13209783
1551,"[[77]
 [82]
 [48]
 [50]
 [57]
 [50]
 [48]
 [57]
 [73]]",3,"dense_out,dense1,last_conv",0.726173715136725,0.24578126
764,"[[49]
 [48]
 [51]
 [52]
 [55]
 [56]]",3,"dense_out,dense1,last_conv",0.09228190807705812,0.036029574
1670,"[[77]
 [82]
 [48]
 [50]
 [54]
 [49]
 [55]
 [53]
 [69]]",3,"dense_out,dense1,last_conv",0.4313971867402665,0.003986107
1518,"[[77]
 [82]
 [48]
 [52]
 [48]
 [50]
 [52]
 [48]
 [67]]",3,"dense_out,dense1,last_conv",0.1470147695004164,0.021674465
1444,"[[77]
 [82]
 [48]
 [52]
 [57]
 [52]
 [53]
 [51]
 [66]]",3,"dense_out,dense1,last_conv",0.03143048344789366,-0.0044666305
192,"[[49]
 [48]
 [54]
 [48]
 [54]
 [50]]",3,"dense_out,dense1,last_conv",0.1942889141580748,0.07005299
354,"[[49]
 [48]
 [51]
 [53]
 [56]
 [50]]",3,"dense_out,dense1,last_conv",0.004161469730968172,-0.025578452
1032,"[[77]
 [82]
 [48]
 [50]
 [52]
 [55]
 [56]
 [48]
 [71]]",3,"dense_out,dense1,last_conv",-0.11973515568629084,-0.023112303
144,"[[49]
 [49]
 [49]
 [55]
 [56]
 [53]]",3,"dense_out,dense1,last_conv",0.2956761727252451,0.20523375
1426,"[[77]
 [82]
 [48]
 [50]
 [52]
 [55]
 [56]
 [48]
 [71]]",3,"dense_out,dense1,last_conv",0.7942702600496867,0.1725992
1736,"[[77]
 [82]
 [48]
 [53]
 [49]
 [54]
 [52]
 [52]]",3,"dense_out,dense1,last_conv",0.07336970417370597,0.14493543
139,"[[49]
 [49]
 [49]
 [49]
 [50]
 [53]]",3,"dense_out,dense1,last_conv",0.5076486202481555,0.15685047
2586,"[[49]
 [48]
 [56]
 [53]
 [53]
 [48]]",3,"dense_out,dense1,last_conv",,5.645552e-05
3029,"[[49]
 [48]
 [57]
 [56]
 [57]
 [56]]",3,"dense_out,dense1,last_conv",0.1794908879124031,0.0646231
746,"[[49]
 [48]
 [50]
 [54]
 [52]
 [56]]",3,"dense_out,dense1,last_conv",0.07101286603918411,0.007427695
1178,"[[77]
 [82]
 [48]
 [53]
 [49]
 [55]
 [57]
 [54]
 [66]]",3,"dense_out,dense1,last_conv",0.3194859770225607,0.050664626
1395,"[[77]
 [82]
 [48]
 [52]
 [56]
 [57]
 [52]
 [52]
 [66]]",3,"dense_out,dense1,last_conv",0.48247297681872675,0.42480913
63,"[[49]
 [48]
 [55]
 [53]
 [48]
 [53]]",3,"dense_out,dense1,last_conv",0.028675112271097505,-0.03311592
2542,"[[49]
 [48]
 [54]
 [52]
 [52]
 [50]]",3,"dense_out,dense1,last_conv",,2.2290116e-05
1231,"[[77]
 [82]
 [48]
 [53]
 [48]
 [54]
 [56]
 [55]
 [67]]",3,"dense_out,dense1,last_conv",0.5862673241544898,0.45702913
2298,"[[49]
 [48]
 [54]
 [55]
 [50]
 [48]]",3,"dense_out,dense1,last_conv",-0.24110433614888438,-0.1699327
1866,"[[77]
 [82]
 [48]
 [51]
 [49]
 [52]
 [48]
 [57]
 [66]]",3,"dense_out,dense1,last_conv",0.7172346796022823,0.3190597
679,"[[49]
 [49]
 [51]
 [53]
 [53]
 [52]]",3,"dense_out,dense1,last_conv",0.6285684284878875,0.007464718
251,"[[49]
 [49]
 [48]
 [53]
 [49]
 [56]]",3,"dense_out,dense1,last_conv",0.050785472254549366,0.06317173
765,"[[49]
 [48]
 [51]
 [52]
 [55]
 [56]]",3,"dense_out,dense1,last_conv",-0.07293901392125403,-0.11883898
51,"[[49]
 [48]
 [55]
 [52]
 [57]
 [53]]",3,"dense_out,dense1,last_conv",0.23873593948296903,0.20104806
2426,"[[57]
 [56]
 [50]
 [52]
 [49]]",3,"dense_out,dense1,last_conv",0.6661514592138111,0.21175507
736,"[[49]
 [48]
 [49]
 [55]
 [50]
 [52]]",3,"dense_out,dense1,last_conv",0.17046738539847325,0.030753914
2534,"[[49]
 [48]
 [53]
 [57]
 [51]
 [55]]",3,"dense_out,dense1,last_conv",0.3012924141932724,0.11239705
2015,"[[77]
 [82]
 [48]
 [51]
 [51]
 [52]
 [50]
 [48]]",3,"dense_out,dense1,last_conv",,1.8333236e-05
149,"[[49]
 [49]
 [50]
 [48]
 [55]
 [52]]",3,"dense_out,dense1,last_conv",0.2863934458574494,0.08012158
1343,"[[77]
 [82]
 [48]
 [52]
 [48]
 [50]
 [52]
 [48]
 [66]]",3,"dense_out,dense1,last_conv",0.36036199276246444,0.09011263
254,"[[49]
 [49]
 [48]
 [53]
 [51]
 [55]]",3,"dense_out,dense1,last_conv",0.2957615556140509,0.21949856
1340,"[[77]
 [82]
 [48]
 [52]
 [48]
 [50]
 [52]
 [48]]",3,"dense_out,dense1,last_conv",-0.09497572791221835,-0.015972625
44,"[[49]
 [48]
 [54]
 [48]
 [54]
 [50]]",3,"dense_out,dense1,last_conv",0.5403647528082024,0.35583135
756,"[[49]
 [49]
 [52]
 [48]
 [49]
 [56]]",3,"dense_out,dense1,last_conv",0.6941719677942867,0.46552184
1951,"[[77]
 [82]
 [48]
 [51]
 [56]
 [52]
 [54]
 [57]]",3,"dense_out,dense1,last_conv",0.19097539299215194,0.07320795
2144,"[[77]
 [82]
 [48]
 [53]
 [49]
 [53]
 [56]
 [54]]",3,"dense_out,dense1,last_conv",0.5537168292342213,0.5127865
240,"[[49]
 [48]
 [57]
 [55]
 [54]
 [57]]",3,"dense_out,dense1,last_conv",0.15734728656618327,0.23708391
1608,"[[77]
 [82]
 [48]
 [52]
 [48]
 [50]
 [52]
 [48]]",3,"dense_out,dense1,last_conv",0.41766532150665603,0.09416931
2283,"[[77]
 [82]
 [48]
 [49]
 [55]
 [50]
 [54]
 [48]
 [70]]",3,"dense_out,dense1,last_conv",-0.053322291485466224,0.00022470891
3045,"[[49]
 [49]
 [49]
 [48]
 [55]
 [53]]",3,"dense_out,dense1,last_conv",0.7117730252571722,0.11626245
246,"[[49]
 [48]
 [57]
 [57]
 [54]
 [56]]",3,"dense_out,dense1,last_conv",-0.30883308301829837,-0.17088166
1084,"[[77]
 [82]
 [48]
 [53]
 [48]
 [55]
 [57]
 [49]
 [66]]",3,"dense_out,dense1,last_conv",0.2299214206305007,0.1501483
2447,"[[49]
 [48]
 [48]
 [51]
 [54]
 [48]]",3,"dense_out,dense1,last_conv",0.456927514260341,0.29085153
602,"[[49]
 [48]
 [52]
 [53]
 [53]
 [56]]",3,"dense_out,dense1,last_conv",0.7438206836787146,0.39615104
211,"[[49]
 [48]
 [55]
 [53]
 [48]
 [53]]",3,"dense_out,dense1,last_conv",0.28747820690288683,0.19962727
331,"[[49]
 [48]
 [50]
 [54]
 [52]
 [56]]",3,"dense_out,dense1,last_conv",0.43091006968885787,0.046821956
1525,"[[77]
 [82]
 [48]
 [52]
 [48]
 [50]
 [52]
 [48]
 [67]]",3,"dense_out,dense1,last_conv",-0.02915029374633907,-0.012846368
2578,"[[49]
 [48]
 [55]
 [57]
 [52]
 [54]]",3,"dense_out,dense1,last_conv",0.060081036585541425,0.036140706
535,"[[49]
 [48]
 [49]
 [55]
 [50]
 [52]]",3,"dense_out,dense1,last_conv",0.44999919673011024,0.28995427
2405,"[[57]
 [55]
 [54]
 [48]
 [55]]",3,"dense_out,dense1,last_conv",0.4104412790303687,0.35301006
2195,"[[77]
 [82]
 [48]
 [53]
 [50]
 [53]
 [53]
 [48]]",3,"dense_out,dense1,last_conv",0.05571154160433169,0.0003361531
443,"[[57]
 [55]
 [52]
 [54]
 [49]]",3,"dense_out,dense1,last_conv",0.6815548039474314,0.19826251
1985,"[[77]
 [82]
 [48]
 [51]
 [57]
 [52]
 [55]
 [51]
 [66]]",3,"dense_out,dense1,last_conv",0.01920064123746357,0.0011799093
134,"[[49]
 [49]
 [49]
 [49]
 [50]
 [53]]",3,"dense_out,dense1,last_conv",0.10438315583721529,0.14390229
2481,"[[49]
 [48]
 [50]
 [52]
 [50]
 [48]]",3,"dense_out,dense1,last_conv",0.42174898945277073,0.40322834
270,"[[49]
 [49]
 [49]
 [49]
 [50]
 [53]]",3,"dense_out,dense1,last_conv",-0.08186335773383417,-0.010150166
257,"[[49]
 [48]
 [57]
 [57]
 [54]
 [56]]",3,"dense_out,dense1,last_conv",0.24017360422255857,0.018921025
2221,"[[77]
 [82]
 [48]
 [53]
 [51]
 [49]
 [49]
 [48]
 [66]]",3,"dense_out,dense1,last_conv",,5.9876278e-05
1832,"[[77]
 [82]
 [48]
 [53]
 [51]
 [50]
 [52]
 [49]
 [67]]",3,"dense_out,dense1,last_conv",0.0922796057886779,-0.0065152002
2713,"[[57]
 [56]
 [50]
 [52]
 [49]]",3,"dense_out,dense1,last_conv",0.2893818572136393,0.18430497
2736,"[[57]
 [57]
 [56]
 [49]
 [53]]",3,"dense_out,dense1,last_conv",0.2668560271337652,0.23016326
2727,"[[57]
 [57]
 [50]
 [56]
 [56]]",3,"dense_out,dense1,last_conv",0.19932084187116178,0.010297896
637,"[[49]
 [48]
 [53]
 [54]
 [51]
 [56]]",3,"dense_out,dense1,last_conv",0.05083129126445736,0.019396616
178,"[[49]
 [49]
 [52]
 [51]
 [54]
 [49]]",3,"dense_out,dense1,last_conv",0.37857249639956725,0.1495641
52,"[[49]
 [48]
 [55]
 [52]
 [57]
 [53]]",3,"dense_out,dense1,last_conv",0.4065208099891287,0.29344237
842,"[[49]
 [48]
 [53]
 [52]
 [55]
 [53]]",3,"dense_out,dense1,last_conv",0.29550767054701593,0.013649058
567,"[[49]
 [48]
 [51]
 [53]
 [56]
 [50]]",3,"dense_out,dense1,last_conv",0.2597887164261464,0.055391796
1241,"[[77]
 [82]
 [48]
 [51]
 [52]
 [57]
 [57]
 [55]]",4,"dense_out,dense1,last_conv,conv3",-0.24882186958887845,-0.024004085
203,"[[49]
 [48]
 [55]
 [52]
 [57]
 [53]]",4,"dense_out,dense1,last_conv,conv3",-0.03387606533642205,-0.029596496
1260,"[[77]
 [82]
 [48]
 [53]
 [51]
 [49]
 [49]
 [48]
 [69]]",4,"dense_out,dense1,last_conv,conv3",0.12506882020060303,0.004271627
1626,"[[77]
 [82]
 [48]
 [52]
 [48]
 [50]
 [52]
 [48]
 [66]]",4,"dense_out,dense1,last_conv,conv3",,1.8072626e-05
1578,"[[77]
 [82]
 [48]
 [52]
 [56]
 [50]
 [57]
 [52]
 [66]]",4,"dense_out,dense1,last_conv,conv3",0.07199132718998368,0.00092217984
102,"[[49]
 [48]
 [57]
 [56]
 [57]
 [56]]",4,"dense_out,dense1,last_conv,conv3",0.052598024056828736,0.005606362
2925,"[[57]
 [48]
 [50]
 [56]
 [52]]",4,"dense_out,dense1,last_conv,conv3",-0.1139403825688279,-0.082640864
1582,"[[77]
 [82]
 [48]
 [52]
 [56]
 [54]
 [50]
 [49]
 [66]]",4,"dense_out,dense1,last_conv,conv3",0.5437388007667406,0.42316526
485,"[[57]
 [56]
 [57]
 [57]
 [50]]",4,"dense_out,dense1,last_conv,conv3",0.44056098703450547,0.26784277
1437,"[[77]
 [82]
 [48]
 [52]
 [57]
 [52]
 [53]
 [51]
 [66]]",4,"dense_out,dense1,last_conv,conv3",0.21272727407470599,0.21130657
1897,"[[77]
 [82]
 [48]
 [51]
 [55]
 [52]
 [53]
 [56]
 [66]]",4,"dense_out,dense1,last_conv,conv3",0.3646306391727026,0.29868904
2962,"[[57]
 [54]
 [53]
 [56]
 [55]]",4,"dense_out,dense1,last_conv,conv3",,0.00010707204
266,"[[49]
 [49]
 [49]
 [49]
 [50]
 [53]]",4,"dense_out,dense1,last_conv,conv3",-0.15552671245856325,-0.043494318
1547,"[[77]
 [82]
 [48]
 [49]
 [55]
 [50]
 [54]
 [48]
 [70]]",4,"dense_out,dense1,last_conv,conv3",-0.15921435735780656,-0.0070538283
2295,"[[56]
 [56]
 [53]
 [49]
 [48]]",4,"dense_out,dense1,last_conv,conv3",0.2753298555382674,0.24019067
2605,"[[49]
 [49]
 [49]
 [48]
 [55]
 [55]]",4,"dense_out,dense1,last_conv,conv3",0.39087834664618915,0.36527598
2357,"[[49]
 [49]
 [50]
 [48]
 [48]
 [50]]",4,"dense_out,dense1,last_conv,conv3",0.38991726788479,0.3041966
2603,"[[49]
 [49]
 [48]
 [56]
 [48]
 [56]]",4,"dense_out,dense1,last_conv,conv3",0.35720736443429335,0.23753926
1244,"[[77]
 [82]
 [48]
 [51]
 [52]
 [57]
 [57]
 [55]]",4,"dense_out,dense1,last_conv,conv3",0.03520650888242011,0.0031048607
2923,"[[57]
 [48]
 [50]
 [56]
 [52]]",4,"dense_out,dense1,last_conv,conv3",0.21860572416480845,0.14504836
1200,"[[77]
 [82]
 [48]
 [52]
 [57]
 [57]
 [52]
 [50]
 [66]]",4,"dense_out,dense1,last_conv,conv3",-0.12279202111003389,-0.010240792
2762,"[[49]
 [48]
 [51]
 [49]
 [52]
 [56]]",4,"dense_out,dense1,last_conv,conv3",-0.25241401708900624,-0.022169132
2423,"[[57]
 [55]
 [57]
 [52]
 [51]]",4,"dense_out,dense1,last_conv,conv3",0.07059445886843004,0.12374675
1611,"[[77]
 [82]
 [48]
 [52]
 [48]
 [50]
 [52]
 [48]]",4,"dense_out,dense1,last_conv,conv3",0.08248194132907509,0.0023108218
1999,"[[77]
 [82]
 [48]
 [52]
 [48]
 [50]
 [52]
 [48]
 [66]]",4,"dense_out,dense1,last_conv,conv3",-0.11654082319558826,-0.050689388
2001,"[[49]
 [48]
 [52]
 [50]
 [56]
 [49]]",4,"dense_out,dense1,last_conv,conv3",0.6982816746177036,0.68203723
1116,"[[77]
 [82]
 [48]
 [53]
 [49]
 [52]
 [54]
 [49]]",4,"dense_out,dense1,last_conv,conv3",-0.29756783270473647,-0.012147692
2854,"[[49]
 [48]
 [54]
 [55]
 [50]
 [48]]",4,"dense_out,dense1,last_conv,conv3",0.678014228272154,0.5601247
2721,"[[57]
 [57]
 [48]
 [56]
 [57]]",4,"dense_out,dense1,last_conv,conv3",0.37998494465464955,0.2977763
1089,"[[57]
 [57]
 [48]
 [49]
 [55]]",4,"dense_out,dense1,last_conv,conv3",0.21805298095139558,0.17087819
2129,"[[77]
 [82]
 [48]
 [52]
 [57]
 [48]
 [49]
 [57]
 [67]]",4,"dense_out,dense1,last_conv,conv3",0.12501090706194723,0.016866304
1551,"[[77]
 [82]
 [48]
 [50]
 [57]
 [50]
 [48]
 [57]
 [73]]",4,"dense_out,dense1,last_conv,conv3",0.1869150113374117,0.00343348
764,"[[49]
 [48]
 [51]
 [52]
 [55]
 [56]]",4,"dense_out,dense1,last_conv,conv3",0.1384352999789092,0.060774393
1670,"[[77]
 [82]
 [48]
 [50]
 [54]
 [49]
 [55]
 [53]
 [69]]",4,"dense_out,dense1,last_conv,conv3",-0.0627116324012185,0.0001745357
1518,"[[77]
 [82]
 [48]
 [52]
 [48]
 [50]
 [52]
 [48]
 [67]]",4,"dense_out,dense1,last_conv,conv3",-0.015063626396519834,0.0052126725
1444,"[[77]
 [82]
 [48]
 [52]
 [57]
 [52]
 [53]
 [51]
 [66]]",4,"dense_out,dense1,last_conv,conv3",-0.05049632901303082,-0.00025441757
192,"[[49]
 [48]
 [54]
 [48]
 [54]
 [50]]",4,"dense_out,dense1,last_conv,conv3",0.05627038223791888,0.075177625
354,"[[49]
 [48]
 [51]
 [53]
 [56]
 [50]]",4,"dense_out,dense1,last_conv,conv3",0.484659680315849,0.46204957
1032,"[[77]
 [82]
 [48]
 [50]
 [52]
 [55]
 [56]
 [48]
 [71]]",4,"dense_out,dense1,last_conv,conv3",-0.5468971538021206,-0.10932818
144,"[[49]
 [49]
 [49]
 [55]
 [56]
 [53]]",4,"dense_out,dense1,last_conv,conv3",0.11069545860001088,0.00899256
1426,"[[77]
 [82]
 [48]
 [50]
 [52]
 [55]
 [56]
 [48]
 [71]]",4,"dense_out,dense1,last_conv,conv3",-0.08543701071837903,0.0024910755
1736,"[[77]
 [82]
 [48]
 [53]
 [49]
 [54]
 [52]
 [52]]",4,"dense_out,dense1,last_conv,conv3",0.3513056217663237,0.22744365
139,"[[49]
 [49]
 [49]
 [49]
 [50]
 [53]]",4,"dense_out,dense1,last_conv,conv3",0.009790229373650226,-0.016998257
2586,"[[49]
 [48]
 [56]
 [53]
 [53]
 [48]]",4,"dense_out,dense1,last_conv,conv3",,9.924794e-05
3029,"[[49]
 [48]
 [57]
 [56]
 [57]
 [56]]",4,"dense_out,dense1,last_conv,conv3",0.025909965666314757,0.020017792
746,"[[49]
 [48]
 [50]
 [54]
 [52]
 [56]]",4,"dense_out,dense1,last_conv,conv3",0.09341836985556329,0.090292096
1178,"[[77]
 [82]
 [48]
 [53]
 [49]
 [55]
 [57]
 [54]
 [66]]",4,"dense_out,dense1,last_conv,conv3",-0.12106278214156298,-0.01829374
1395,"[[77]
 [82]
 [48]
 [52]
 [56]
 [57]
 [52]
 [52]
 [66]]",4,"dense_out,dense1,last_conv,conv3",0.5410951374691125,0.55322784
63,"[[49]
 [48]
 [55]
 [53]
 [48]
 [53]]",4,"dense_out,dense1,last_conv,conv3",-0.06978281941411019,-6.1902785e-05
2542,"[[49]
 [48]
 [54]
 [52]
 [52]
 [50]]",4,"dense_out,dense1,last_conv,conv3",,2.6495838e-05
1231,"[[77]
 [82]
 [48]
 [53]
 [48]
 [54]
 [56]
 [55]
 [67]]",4,"dense_out,dense1,last_conv,conv3",0.21670232571187503,0.017248383
2298,"[[49]
 [48]
 [54]
 [55]
 [50]
 [48]]",4,"dense_out,dense1,last_conv,conv3",0.27616690532575877,0.15583284
1866,"[[77]
 [82]
 [48]
 [51]
 [49]
 [52]
 [48]
 [57]
 [66]]",4,"dense_out,dense1,last_conv,conv3",0.03767970415726469,0.0003086169
679,"[[49]
 [49]
 [51]
 [53]
 [53]
 [52]]",4,"dense_out,dense1,last_conv,conv3",-0.19143319499863787,-0.0073073287
251,"[[49]
 [49]
 [48]
 [53]
 [49]
 [56]]",4,"dense_out,dense1,last_conv,conv3",0.004621623457310558,0.020549158
765,"[[49]
 [48]
 [51]
 [52]
 [55]
 [56]]",4,"dense_out,dense1,last_conv,conv3",0.02909701127695702,0.058964767
51,"[[49]
 [48]
 [55]
 [52]
 [57]
 [53]]",4,"dense_out,dense1,last_conv,conv3",0.08191587604374147,0.028922588
2426,"[[57]
 [56]
 [50]
 [52]
 [49]]",4,"dense_out,dense1,last_conv,conv3",0.0856893387643128,0.041113313
736,"[[49]
 [48]
 [49]
 [55]
 [50]
 [52]]",4,"dense_out,dense1,last_conv,conv3",0.17231292414204566,0.04401195
2534,"[[49]
 [48]
 [53]
 [57]
 [51]
 [55]]",4,"dense_out,dense1,last_conv,conv3",0.1446121682018647,0.07393459
2015,"[[77]
 [82]
 [48]
 [51]
 [51]
 [52]
 [50]
 [48]]",4,"dense_out,dense1,last_conv,conv3",,8.081191e-05
149,"[[49]
 [49]
 [50]
 [48]
 [55]
 [52]]",4,"dense_out,dense1,last_conv,conv3",0.22457878917329385,0.020475876
1343,"[[77]
 [82]
 [48]
 [52]
 [48]
 [50]
 [52]
 [48]
 [66]]",4,"dense_out,dense1,last_conv,conv3",0.32210617100312633,0.004972699
254,"[[49]
 [49]
 [48]
 [53]
 [51]
 [55]]",4,"dense_out,dense1,last_conv,conv3",0.09474563141331409,-0.022127168
1340,"[[77]
 [82]
 [48]
 [52]
 [48]
 [50]
 [52]
 [48]]",4,"dense_out,dense1,last_conv,conv3",-0.34667249623568214,-0.064070314
44,"[[49]
 [48]
 [54]
 [48]
 [54]
 [50]]",4,"dense_out,dense1,last_conv,conv3",0.07270502595070533,0.021303708
756,"[[49]
 [49]
 [52]
 [48]
 [49]
 [56]]",4,"dense_out,dense1,last_conv,conv3",0.12018251079572531,0.00053181517
1951,"[[77]
 [82]
 [48]
 [51]
 [56]
 [52]
 [54]
 [57]]",4,"dense_out,dense1,last_conv,conv3",-0.03997700493543542,-0.018796725
2144,"[[77]
 [82]
 [48]
 [53]
 [49]
 [53]
 [56]
 [54]]",4,"dense_out,dense1,last_conv,conv3",0.24839024809922342,0.20384333
240,"[[49]
 [48]
 [57]
 [55]
 [54]
 [57]]",4,"dense_out,dense1,last_conv,conv3",-0.08037099669951567,0.029828262
1608,"[[77]
 [82]
 [48]
 [52]
 [48]
 [50]
 [52]
 [48]]",4,"dense_out,dense1,last_conv,conv3",0.15556823219692179,0.0380443
2283,"[[77]
 [82]
 [48]
 [49]
 [55]
 [50]
 [54]
 [48]
 [70]]",4,"dense_out,dense1,last_conv,conv3",0.02873935890124834,0.0005797815
3045,"[[49]
 [49]
 [49]
 [48]
 [55]
 [53]]",4,"dense_out,dense1,last_conv,conv3",0.14637596130324318,0.049327962
246,"[[49]
 [48]
 [57]
 [57]
 [54]
 [56]]",4,"dense_out,dense1,last_conv,conv3",0.36419374371465607,0.21651053
1084,"[[77]
 [82]
 [48]
 [53]
 [48]
 [55]
 [57]
 [49]
 [66]]",4,"dense_out,dense1,last_conv,conv3",0.6869934790679834,0.53299814
2447,"[[49]
 [48]
 [48]
 [51]
 [54]
 [48]]",4,"dense_out,dense1,last_conv,conv3",0.44589416160125134,0.33537903
602,"[[49]
 [48]
 [52]
 [53]
 [53]
 [56]]",4,"dense_out,dense1,last_conv,conv3",-0.1958444938056032,-0.054329507
211,"[[49]
 [48]
 [55]
 [53]
 [48]
 [53]]",4,"dense_out,dense1,last_conv,conv3",-0.16985418884837566,-0.078116946
331,"[[49]
 [48]
 [50]
 [54]
 [52]
 [56]]",4,"dense_out,dense1,last_conv,conv3",0.0561500255884367,0.00095587975
1525,"[[77]
 [82]
 [48]
 [52]
 [48]
 [50]
 [52]
 [48]
 [67]]",4,"dense_out,dense1,last_conv,conv3",0.03702474288594201,0.000559833
2578,"[[49]
 [48]
 [55]
 [57]
 [52]
 [54]]",4,"dense_out,dense1,last_conv,conv3",0.47236272880381075,0.41575545
535,"[[49]
 [48]
 [49]
 [55]
 [50]
 [52]]",4,"dense_out,dense1,last_conv,conv3",0.10201375416624169,-0.028837953
2405,"[[57]
 [55]
 [54]
 [48]
 [55]]",4,"dense_out,dense1,last_conv,conv3",0.07553355923402837,0.06358099
2195,"[[77]
 [82]
 [48]
 [53]
 [50]
 [53]
 [53]
 [48]]",4,"dense_out,dense1,last_conv,conv3",0.02207270906609343,0.0003124966
443,"[[57]
 [55]
 [52]
 [54]
 [49]]",4,"dense_out,dense1,last_conv,conv3",0.2979224359255876,0.0018909853
1985,"[[77]
 [82]
 [48]
 [51]
 [57]
 [52]
 [55]
 [51]
 [66]]",4,"dense_out,dense1,last_conv,conv3",0.1543048441593025,0.01708333
134,"[[49]
 [49]
 [49]
 [49]
 [50]
 [53]]",4,"dense_out,dense1,last_conv,conv3",0.4074886764678192,0.04859281
2481,"[[49]
 [48]
 [50]
 [52]
 [50]
 [48]]",4,"dense_out,dense1,last_conv,conv3",0.18165584371294874,0.19326235
270,"[[49]
 [49]
 [49]
 [49]
 [50]
 [53]]",4,"dense_out,dense1,last_conv,conv3",0.5395888721657933,0.29641056
257,"[[49]
 [48]
 [57]
 [57]
 [54]
 [56]]",4,"dense_out,dense1,last_conv,conv3",0.002332040784161479,0.012662969
2221,"[[77]
 [82]
 [48]
 [53]
 [51]
 [49]
 [49]
 [48]
 [66]]",4,"dense_out,dense1,last_conv,conv3",,4.5506375e-05
1832,"[[77]
 [82]
 [48]
 [53]
 [51]
 [50]
 [52]
 [49]
 [67]]",4,"dense_out,dense1,last_conv,conv3",0.48354392624362474,0.00678776
2713,"[[57]
 [56]
 [50]
 [52]
 [49]]",4,"dense_out,dense1,last_conv,conv3",0.162071451741228,0.077526376
2736,"[[57]
 [57]
 [56]
 [49]
 [53]]",4,"dense_out,dense1,last_conv,conv3",0.5596571966193644,0.4396521
2727,"[[57]
 [57]
 [50]
 [56]
 [56]]",4,"dense_out,dense1,last_conv,conv3",0.017099177853074018,0.017780557
637,"[[49]
 [48]
 [53]
 [54]
 [51]
 [56]]",4,"dense_out,dense1,last_conv,conv3",0.2376374129344706,0.12091504
178,"[[49]
 [49]
 [52]
 [51]
 [54]
 [49]]",4,"dense_out,dense1,last_conv,conv3",0.01878352997737737,0.023126762
52,"[[49]
 [48]
 [55]
 [52]
 [57]
 [53]]",4,"dense_out,dense1,last_conv,conv3",0.1974311558109248,0.0846065
842,"[[49]
 [48]
 [53]
 [52]
 [55]
 [53]]",4,"dense_out,dense1,last_conv,conv3",0.09228848823042884,0.043707382
567,"[[49]
 [48]
 [51]
 [53]
 [56]
 [50]]",4,"dense_out,dense1,last_conv,conv3",-0.2538859715123319,-0.025883697
1241,"[[77]
 [82]
 [48]
 [51]
 [52]
 [57]
 [57]
 [55]]",5,"dense_out,dense1,last_conv,conv3,conv2",-0.1838746921296818,-0.0025315196
203,"[[49]
 [48]
 [55]
 [52]
 [57]
 [53]]",5,"dense_out,dense1,last_conv,conv3,conv2",-0.017840207043053804,0.0023407936
1260,"[[77]
 [82]
 [48]
 [53]
 [51]
 [49]
 [49]
 [48]
 [69]]",5,"dense_out,dense1,last_conv,conv3,conv2",0.009673525603489589,-0.0013567335
1626,"[[77]
 [82]
 [48]
 [52]
 [48]
 [50]
 [52]
 [48]
 [66]]",5,"dense_out,dense1,last_conv,conv3,conv2",-0.20612717686326323,-0.002325625
1578,"[[77]
 [82]
 [48]
 [52]
 [56]
 [50]
 [57]
 [52]
 [66]]",5,"dense_out,dense1,last_conv,conv3,conv2",0.046216221052388456,0.0036328305
102,"[[49]
 [48]
 [57]
 [56]
 [57]
 [56]]",5,"dense_out,dense1,last_conv,conv3,conv2",-0.009076173411274053,-0.016268777
2925,"[[57]
 [48]
 [50]
 [56]
 [52]]",5,"dense_out,dense1,last_conv,conv3,conv2",-0.2133638109470317,-0.0020168994
1582,"[[77]
 [82]
 [48]
 [52]
 [56]
 [54]
 [50]
 [49]
 [66]]",5,"dense_out,dense1,last_conv,conv3,conv2",-0.017525222551572104,-0.027860565
485,"[[57]
 [56]
 [57]
 [57]
 [50]]",5,"dense_out,dense1,last_conv,conv3,conv2",0.34159800844820165,0.23554274
1437,"[[77]
 [82]
 [48]
 [52]
 [57]
 [52]
 [53]
 [51]
 [66]]",5,"dense_out,dense1,last_conv,conv3,conv2",-0.10266203338630697,-0.03125633
1897,"[[77]
 [82]
 [48]
 [51]
 [55]
 [52]
 [53]
 [56]
 [66]]",5,"dense_out,dense1,last_conv,conv3,conv2",-0.2974619538367984,-0.21218513
2962,"[[57]
 [54]
 [53]
 [56]
 [55]]",5,"dense_out,dense1,last_conv,conv3,conv2",,0.00015030171
266,"[[49]
 [49]
 [49]
 [49]
 [50]
 [53]]",5,"dense_out,dense1,last_conv,conv3,conv2",-0.017310211603660468,0.00026147015
1547,"[[77]
 [82]
 [48]
 [49]
 [55]
 [50]
 [54]
 [48]
 [70]]",5,"dense_out,dense1,last_conv,conv3,conv2",-0.4485612585307419,-0.046778105
2295,"[[56]
 [56]
 [53]
 [49]
 [48]]",5,"dense_out,dense1,last_conv,conv3,conv2",0.2034974020156855,0.20052783
2605,"[[49]
 [49]
 [49]
 [48]
 [55]
 [55]]",5,"dense_out,dense1,last_conv,conv3,conv2",-0.08004415399598447,-0.04078084
2357,"[[49]
 [49]
 [50]
 [48]
 [48]
 [50]]",5,"dense_out,dense1,last_conv,conv3,conv2",-0.15495799910950447,-0.072736725
2603,"[[49]
 [49]
 [48]
 [56]
 [48]
 [56]]",5,"dense_out,dense1,last_conv,conv3,conv2",0.42004327811157005,0.25624734
1244,"[[77]
 [82]
 [48]
 [51]
 [52]
 [57]
 [57]
 [55]]",5,"dense_out,dense1,last_conv,conv3,conv2",-0.23689609783805196,-0.004931447
2923,"[[57]
 [48]
 [50]
 [56]
 [52]]",5,"dense_out,dense1,last_conv,conv3,conv2",0.20965608078323103,0.14266506
1200,"[[77]
 [82]
 [48]
 [52]
 [57]
 [57]
 [52]
 [50]
 [66]]",5,"dense_out,dense1,last_conv,conv3,conv2",-0.12268785906533171,-0.0035341368
2762,"[[49]
 [48]
 [51]
 [49]
 [52]
 [56]]",5,"dense_out,dense1,last_conv,conv3,conv2",-0.3730497955732116,-0.017931493
2423,"[[57]
 [55]
 [57]
 [52]
 [51]]",5,"dense_out,dense1,last_conv,conv3,conv2",-0.2841667560056907,-0.186939
1611,"[[77]
 [82]
 [48]
 [52]
 [48]
 [50]
 [52]
 [48]]",5,"dense_out,dense1,last_conv,conv3,conv2",-0.003003109427076677,-0.0033523527
1999,"[[77]
 [82]
 [48]
 [52]
 [48]
 [50]
 [52]
 [48]
 [66]]",5,"dense_out,dense1,last_conv,conv3,conv2",-0.10007070247292013,-0.019621078
2001,"[[49]
 [48]
 [52]
 [50]
 [56]
 [49]]",5,"dense_out,dense1,last_conv,conv3,conv2",0.24215386561891955,0.10835605
1116,"[[77]
 [82]
 [48]
 [53]
 [49]
 [52]
 [54]
 [49]]",5,"dense_out,dense1,last_conv,conv3,conv2",-0.10740555788393019,-0.0005551879
2854,"[[49]
 [48]
 [54]
 [55]
 [50]
 [48]]",5,"dense_out,dense1,last_conv,conv3,conv2",-0.07122516271476038,0.13580213
2721,"[[57]
 [57]
 [48]
 [56]
 [57]]",5,"dense_out,dense1,last_conv,conv3,conv2",0.009182061107483274,-0.04678816
1089,"[[57]
 [57]
 [48]
 [49]
 [55]]",5,"dense_out,dense1,last_conv,conv3,conv2",-0.22819281874157302,-0.14383435
2129,"[[77]
 [82]
 [48]
 [52]
 [57]
 [48]
 [49]
 [57]
 [67]]",5,"dense_out,dense1,last_conv,conv3,conv2",0.012809125231565055,-0.0070013646
1551,"[[77]
 [82]
 [48]
 [50]
 [57]
 [50]
 [48]
 [57]
 [73]]",5,"dense_out,dense1,last_conv,conv3,conv2",-0.17829708200017783,-0.0027391275
764,"[[49]
 [48]
 [51]
 [52]
 [55]
 [56]]",5,"dense_out,dense1,last_conv,conv3,conv2",0.040705752445084314,-0.0041066245
1670,"[[77]
 [82]
 [48]
 [50]
 [54]
 [49]
 [55]
 [53]
 [69]]",5,"dense_out,dense1,last_conv,conv3,conv2",-0.05010366051868298,1.3818492e-05
1518,"[[77]
 [82]
 [48]
 [52]
 [48]
 [50]
 [52]
 [48]
 [67]]",5,"dense_out,dense1,last_conv,conv3,conv2",-0.05206047562384009,-0.00072718895
1444,"[[77]
 [82]
 [48]
 [52]
 [57]
 [52]
 [53]
 [51]
 [66]]",5,"dense_out,dense1,last_conv,conv3,conv2",-0.1126879318062063,-0.0013151967
192,"[[49]
 [48]
 [54]
 [48]
 [54]
 [50]]",5,"dense_out,dense1,last_conv,conv3,conv2",-0.13561875953619984,-0.019309485
354,"[[49]
 [48]
 [51]
 [53]
 [56]
 [50]]",5,"dense_out,dense1,last_conv,conv3,conv2",0.35294105696850936,0.2686756
1032,"[[77]
 [82]
 [48]
 [50]
 [52]
 [55]
 [56]
 [48]
 [71]]",5,"dense_out,dense1,last_conv,conv3,conv2",-0.14365086863429344,-0.001427722
144,"[[49]
 [49]
 [49]
 [55]
 [56]
 [53]]",5,"dense_out,dense1,last_conv,conv3,conv2",-0.021132214755692998,0.0044226805
1426,"[[77]
 [82]
 [48]
 [50]
 [52]
 [55]
 [56]
 [48]
 [71]]",5,"dense_out,dense1,last_conv,conv3,conv2",-0.04513594465638596,-8.674997e-06
1736,"[[77]
 [82]
 [48]
 [53]
 [49]
 [54]
 [52]
 [52]]",5,"dense_out,dense1,last_conv,conv3,conv2",0.6529357393203611,0.4708438
139,"[[49]
 [49]
 [49]
 [49]
 [50]
 [53]]",5,"dense_out,dense1,last_conv,conv3,conv2",0.044888028505001884,0.006867538
2586,"[[49]
 [48]
 [56]
 [53]
 [53]
 [48]]",5,"dense_out,dense1,last_conv,conv3,conv2",,2.9821362e-05
3029,"[[49]
 [48]
 [57]
 [56]
 [57]
 [56]]",5,"dense_out,dense1,last_conv,conv3,conv2",-0.007962954829293179,-0.004749948
746,"[[49]
 [48]
 [50]
 [54]
 [52]
 [56]]",5,"dense_out,dense1,last_conv,conv3,conv2",-0.06213218530744666,-0.017772142
1178,"[[77]
 [82]
 [48]
 [53]
 [49]
 [55]
 [57]
 [54]
 [66]]",5,"dense_out,dense1,last_conv,conv3,conv2",-0.04259986103506548,0.00063283846
1395,"[[77]
 [82]
 [48]
 [52]
 [56]
 [57]
 [52]
 [52]
 [66]]",5,"dense_out,dense1,last_conv,conv3,conv2",0.2976650751248328,0.2454697
63,"[[49]
 [48]
 [55]
 [53]
 [48]
 [53]]",5,"dense_out,dense1,last_conv,conv3,conv2",0.3406197527614214,0.035815075
2542,"[[49]
 [48]
 [54]
 [52]
 [52]
 [50]]",5,"dense_out,dense1,last_conv,conv3,conv2",,7.68889e-05
1231,"[[77]
 [82]
 [48]
 [53]
 [48]
 [54]
 [56]
 [55]
 [67]]",5,"dense_out,dense1,last_conv,conv3,conv2",-0.06885422899855219,-0.0011305757
2298,"[[49]
 [48]
 [54]
 [55]
 [50]
 [48]]",5,"dense_out,dense1,last_conv,conv3,conv2",-0.20778342991673676,-0.14099394
1866,"[[77]
 [82]
 [48]
 [51]
 [49]
 [52]
 [48]
 [57]
 [66]]",5,"dense_out,dense1,last_conv,conv3,conv2",0.09576736749643495,0.00034693093
679,"[[49]
 [49]
 [51]
 [53]
 [53]
 [52]]",5,"dense_out,dense1,last_conv,conv3,conv2",-0.214795071227655,-0.003076019
251,"[[49]
 [49]
 [48]
 [53]
 [49]
 [56]]",5,"dense_out,dense1,last_conv,conv3,conv2",-0.18129299455408085,-0.019855937
765,"[[49]
 [48]
 [51]
 [52]
 [55]
 [56]]",5,"dense_out,dense1,last_conv,conv3,conv2",-0.027042713153734174,0.0011379984
51,"[[49]
 [48]
 [55]
 [52]
 [57]
 [53]]",5,"dense_out,dense1,last_conv,conv3,conv2",-0.040337753973078296,-0.010560017
2426,"[[57]
 [56]
 [50]
 [52]
 [49]]",5,"dense_out,dense1,last_conv,conv3,conv2",0.06067151915762645,0.0040994687
736,"[[49]
 [48]
 [49]
 [55]
 [50]
 [52]]",5,"dense_out,dense1,last_conv,conv3,conv2",-0.0578238523126029,-0.06303433
2534,"[[49]
 [48]
 [53]
 [57]
 [51]
 [55]]",5,"dense_out,dense1,last_conv,conv3,conv2",0.14474684702296944,0.009038842
2015,"[[77]
 [82]
 [48]
 [51]
 [51]
 [52]
 [50]
 [48]]",5,"dense_out,dense1,last_conv,conv3,conv2",,9.3720104e-05
149,"[[49]
 [49]
 [50]
 [48]
 [55]
 [52]]",5,"dense_out,dense1,last_conv,conv3,conv2",0.23773292192035256,0.0022663553
1343,"[[77]
 [82]
 [48]
 [52]
 [48]
 [50]
 [52]
 [48]
 [66]]",5,"dense_out,dense1,last_conv,conv3,conv2",-0.1231277066538442,-0.0019508365
254,"[[49]
 [49]
 [48]
 [53]
 [51]
 [55]]",5,"dense_out,dense1,last_conv,conv3,conv2",0.225846545534606,0.054916233
1340,"[[77]
 [82]
 [48]
 [52]
 [48]
 [50]
 [52]
 [48]]",5,"dense_out,dense1,last_conv,conv3,conv2",-0.25021902670323914,-0.0068217157
44,"[[49]
 [48]
 [54]
 [48]
 [54]
 [50]]",5,"dense_out,dense1,last_conv,conv3,conv2",0.13166545314320738,0.018616533
756,"[[49]
 [49]
 [52]
 [48]
 [49]
 [56]]",5,"dense_out,dense1,last_conv,conv3,conv2",-0.06516676045384524,-0.0012033682
1951,"[[77]
 [82]
 [48]
 [51]
 [56]
 [52]
 [54]
 [57]]",5,"dense_out,dense1,last_conv,conv3,conv2",-0.31872104519519184,-0.039993305
2144,"[[77]
 [82]
 [48]
 [53]
 [49]
 [53]
 [56]
 [54]]",5,"dense_out,dense1,last_conv,conv3,conv2",0.2617093692488137,0.22848108
240,"[[49]
 [48]
 [57]
 [55]
 [54]
 [57]]",5,"dense_out,dense1,last_conv,conv3,conv2",-0.09244818768605824,-0.0010817238
1608,"[[77]
 [82]
 [48]
 [52]
 [48]
 [50]
 [52]
 [48]]",5,"dense_out,dense1,last_conv,conv3,conv2",-0.01763832584202072,-0.00058757496
2283,"[[77]
 [82]
 [48]
 [49]
 [55]
 [50]
 [54]
 [48]
 [70]]",5,"dense_out,dense1,last_conv,conv3,conv2",-0.06440705050917203,0.00041776343
3045,"[[49]
 [49]
 [49]
 [48]
 [55]
 [53]]",5,"dense_out,dense1,last_conv,conv3,conv2",0.008419681346877338,-0.02324867
246,"[[49]
 [48]
 [57]
 [57]
 [54]
 [56]]",5,"dense_out,dense1,last_conv,conv3,conv2",0.10862643088908418,0.09393755
1084,"[[77]
 [82]
 [48]
 [53]
 [48]
 [55]
 [57]
 [49]
 [66]]",5,"dense_out,dense1,last_conv,conv3,conv2",0.11597940039877992,0.0757884
2447,"[[49]
 [48]
 [48]
 [51]
 [54]
 [48]]",5,"dense_out,dense1,last_conv,conv3,conv2",0.058641241170562464,0.082266524
602,"[[49]
 [48]
 [52]
 [53]
 [53]
 [56]]",5,"dense_out,dense1,last_conv,conv3,conv2",0.02336934677948826,-0.024251731
211,"[[49]
 [48]
 [55]
 [53]
 [48]
 [53]]",5,"dense_out,dense1,last_conv,conv3,conv2",0.007666181036125064,-0.0049057216
331,"[[49]
 [48]
 [50]
 [54]
 [52]
 [56]]",5,"dense_out,dense1,last_conv,conv3,conv2",,1.1098345e-05
1525,"[[77]
 [82]
 [48]
 [52]
 [48]
 [50]
 [52]
 [48]
 [67]]",5,"dense_out,dense1,last_conv,conv3,conv2",-0.0745546252836412,0.00035581764
2578,"[[49]
 [48]
 [55]
 [57]
 [52]
 [54]]",5,"dense_out,dense1,last_conv,conv3,conv2",0.347932310794824,0.22813994
535,"[[49]
 [48]
 [49]
 [55]
 [50]
 [52]]",5,"dense_out,dense1,last_conv,conv3,conv2",-0.02687397015652907,-0.024623651
2405,"[[57]
 [55]
 [54]
 [48]
 [55]]",5,"dense_out,dense1,last_conv,conv3,conv2",-0.25062048052355307,-0.093774036
2195,"[[77]
 [82]
 [48]
 [53]
 [50]
 [53]
 [53]
 [48]]",5,"dense_out,dense1,last_conv,conv3,conv2",-0.07119297633133462,0.00024114555
443,"[[57]
 [55]
 [52]
 [54]
 [49]]",5,"dense_out,dense1,last_conv,conv3,conv2",-0.3062543817262589,-0.020056034
1985,"[[77]
 [82]
 [48]
 [51]
 [57]
 [52]
 [55]
 [51]
 [66]]",5,"dense_out,dense1,last_conv,conv3,conv2",-0.10384775673617139,-0.032458268
134,"[[49]
 [49]
 [49]
 [49]
 [50]
 [53]]",5,"dense_out,dense1,last_conv,conv3,conv2",-0.08437608108058725,-0.0130181685
2481,"[[49]
 [48]
 [50]
 [52]
 [50]
 [48]]",5,"dense_out,dense1,last_conv,conv3,conv2",-0.2660378663364209,-0.21013823
270,"[[49]
 [49]
 [49]
 [49]
 [50]
 [53]]",5,"dense_out,dense1,last_conv,conv3,conv2",-0.06981491097903217,-0.012898455
257,"[[49]
 [48]
 [57]
 [57]
 [54]
 [56]]",5,"dense_out,dense1,last_conv,conv3,conv2",-0.0154973050541499,0.00039064398
2221,"[[77]
 [82]
 [48]
 [53]
 [51]
 [49]
 [49]
 [48]
 [66]]",5,"dense_out,dense1,last_conv,conv3,conv2",,0.00011159985
1832,"[[77]
 [82]
 [48]
 [53]
 [51]
 [50]
 [52]
 [49]
 [67]]",5,"dense_out,dense1,last_conv,conv3,conv2",-0.06803006948782327,-0.0006906298
2713,"[[57]
 [56]
 [50]
 [52]
 [49]]",5,"dense_out,dense1,last_conv,conv3,conv2",-0.12132212356771468,-0.01563397
2736,"[[57]
 [57]
 [56]
 [49]
 [53]]",5,"dense_out,dense1,last_conv,conv3,conv2",-0.09576032508196876,-0.04615896
2727,"[[57]
 [57]
 [50]
 [56]
 [56]]",5,"dense_out,dense1,last_conv,conv3,conv2",-0.08916835853466461,-0.01705379
637,"[[49]
 [48]
 [53]
 [54]
 [51]
 [56]]",5,"dense_out,dense1,last_conv,conv3,conv2",-0.0891689033582268,-0.015603884
178,"[[49]
 [49]
 [52]
 [51]
 [54]
 [49]]",5,"dense_out,dense1,last_conv,conv3,conv2",0.17634894569546558,0.003830146
52,"[[49]
 [48]
 [55]
 [52]
 [57]
 [53]]",5,"dense_out,dense1,last_conv,conv3,conv2",0.13111931419254325,0.015951881
842,"[[49]
 [48]
 [53]
 [52]
 [55]
 [53]]",5,"dense_out,dense1,last_conv,conv3,conv2",0.18857448980471975,0.12173561
567,"[[49]
 [48]
 [51]
 [53]
 [56]
 [50]]",5,"dense_out,dense1,last_conv,conv3,conv2",0.23602957943861383,0.022690035
1241,"[[77]
 [82]
 [48]
 [51]
 [52]
 [57]
 [57]
 [55]]",6,"dense_out,dense1,last_conv,conv3,conv2,conv1",0.011729495858722551,0.00046005216
203,"[[49]
 [48]
 [55]
 [52]
 [57]
 [53]]",6,"dense_out,dense1,last_conv,conv3,conv2,conv1",-0.02611302702260223,-0.12465371
1260,"[[77]
 [82]
 [48]
 [53]
 [51]
 [49]
 [49]
 [48]
 [69]]",6,"dense_out,dense1,last_conv,conv3,conv2,conv1",0.20837301101056915,0.0012092844
1626,"[[77]
 [82]
 [48]
 [52]
 [48]
 [50]
 [52]
 [48]
 [66]]",6,"dense_out,dense1,last_conv,conv3,conv2,conv1",,1.8072626e-05
1578,"[[77]
 [82]
 [48]
 [52]
 [56]
 [50]
 [57]
 [52]
 [66]]",6,"dense_out,dense1,last_conv,conv3,conv2,conv1",0.04194412172878406,8.953258e-05
102,"[[49]
 [48]
 [57]
 [56]
 [57]
 [56]]",6,"dense_out,dense1,last_conv,conv3,conv2,conv1",0.4305558369042003,0.18345545
2925,"[[57]
 [48]
 [50]
 [56]
 [52]]",6,"dense_out,dense1,last_conv,conv3,conv2,conv1",-0.06063195815993769,-0.02242313
1582,"[[77]
 [82]
 [48]
 [52]
 [56]
 [54]
 [50]
 [49]
 [66]]",6,"dense_out,dense1,last_conv,conv3,conv2,conv1",0.5864977937211433,0.517018
485,"[[57]
 [56]
 [57]
 [57]
 [50]]",6,"dense_out,dense1,last_conv,conv3,conv2,conv1",0.5942776235643668,0.5255969
1437,"[[77]
 [82]
 [48]
 [52]
 [57]
 [52]
 [53]
 [51]
 [66]]",6,"dense_out,dense1,last_conv,conv3,conv2,conv1",0.4292659377965104,0.37974215
1897,"[[77]
 [82]
 [48]
 [51]
 [55]
 [52]
 [53]
 [56]
 [66]]",6,"dense_out,dense1,last_conv,conv3,conv2,conv1",0.7119014646187659,0.5849953
2962,"[[57]
 [54]
 [53]
 [56]
 [55]]",6,"dense_out,dense1,last_conv,conv3,conv2,conv1",,4.203589e-05
266,"[[49]
 [49]
 [49]
 [49]
 [50]
 [53]]",6,"dense_out,dense1,last_conv,conv3,conv2,conv1",0.3866160242120843,0.18594165
1547,"[[77]
 [82]
 [48]
 [49]
 [55]
 [50]
 [54]
 [48]
 [70]]",6,"dense_out,dense1,last_conv,conv3,conv2,conv1",0.013277538260364558,-0.0002818181
2295,"[[56]
 [56]
 [53]
 [49]
 [48]]",6,"dense_out,dense1,last_conv,conv3,conv2,conv1",0.43674677584543964,0.36927813
2605,"[[49]
 [49]
 [49]
 [48]
 [55]
 [55]]",6,"dense_out,dense1,last_conv,conv3,conv2,conv1",0.18514155392893292,0.20997132
2357,"[[49]
 [49]
 [50]
 [48]
 [48]
 [50]]",6,"dense_out,dense1,last_conv,conv3,conv2,conv1",0.5818792667415297,0.5046136
2603,"[[49]
 [49]
 [48]
 [56]
 [48]
 [56]]",6,"dense_out,dense1,last_conv,conv3,conv2,conv1",0.5365799591697591,0.48914552
1244,"[[77]
 [82]
 [48]
 [51]
 [52]
 [57]
 [57]
 [55]]",6,"dense_out,dense1,last_conv,conv3,conv2,conv1",-0.016049534530506167,8.4262365e-06
2923,"[[57]
 [48]
 [50]
 [56]
 [52]]",6,"dense_out,dense1,last_conv,conv3,conv2,conv1",0.4075266230468401,0.3240525
1200,"[[77]
 [82]
 [48]
 [52]
 [57]
 [57]
 [52]
 [50]
 [66]]",6,"dense_out,dense1,last_conv,conv3,conv2,conv1",,5.7654875e-06
2762,"[[49]
 [48]
 [51]
 [49]
 [52]
 [56]]",6,"dense_out,dense1,last_conv,conv3,conv2,conv1",-0.036256431361352405,-0.0036720324
2423,"[[57]
 [55]
 [57]
 [52]
 [51]]",6,"dense_out,dense1,last_conv,conv3,conv2,conv1",0.762740590023166,0.66421396
1611,"[[77]
 [82]
 [48]
 [52]
 [48]
 [50]
 [52]
 [48]]",6,"dense_out,dense1,last_conv,conv3,conv2,conv1",,1.9718207e-05
1999,"[[77]
 [82]
 [48]
 [52]
 [48]
 [50]
 [52]
 [48]
 [66]]",6,"dense_out,dense1,last_conv,conv3,conv2,conv1",0.5779389377987242,0.31001005
2001,"[[49]
 [48]
 [52]
 [50]
 [56]
 [49]]",6,"dense_out,dense1,last_conv,conv3,conv2,conv1",0.5117520909440698,0.42407843
1116,"[[77]
 [82]
 [48]
 [53]
 [49]
 [52]
 [54]
 [49]]",6,"dense_out,dense1,last_conv,conv3,conv2,conv1",-0.0691557895605763,-0.00051889697
2854,"[[49]
 [48]
 [54]
 [55]
 [50]
 [48]]",6,"dense_out,dense1,last_conv,conv3,conv2,conv1",0.5957933791886529,0.5039953
2721,"[[57]
 [57]
 [48]
 [56]
 [57]]",6,"dense_out,dense1,last_conv,conv3,conv2,conv1",0.3599231751270307,0.26906717
1089,"[[57]
 [57]
 [48]
 [49]
 [55]]",6,"dense_out,dense1,last_conv,conv3,conv2,conv1",0.3870254433888596,0.36687833
2129,"[[77]
 [82]
 [48]
 [52]
 [57]
 [48]
 [49]
 [57]
 [67]]",6,"dense_out,dense1,last_conv,conv3,conv2,conv1",0.3439396916506303,0.02193816
1551,"[[77]
 [82]
 [48]
 [50]
 [57]
 [50]
 [48]
 [57]
 [73]]",6,"dense_out,dense1,last_conv,conv3,conv2,conv1",0.08396719983064135,6.963003e-05
764,"[[49]
 [48]
 [51]
 [52]
 [55]
 [56]]",6,"dense_out,dense1,last_conv,conv3,conv2,conv1",-0.09704723849847584,-0.008432401
1670,"[[77]
 [82]
 [48]
 [50]
 [54]
 [49]
 [55]
 [53]
 [69]]",6,"dense_out,dense1,last_conv,conv3,conv2,conv1",0.47400862569111896,0.12993407
1518,"[[77]
 [82]
 [48]
 [52]
 [48]
 [50]
 [52]
 [48]
 [67]]",6,"dense_out,dense1,last_conv,conv3,conv2,conv1",0.10245426770514969,3.384929e-05
1444,"[[77]
 [82]
 [48]
 [52]
 [57]
 [52]
 [53]
 [51]
 [66]]",6,"dense_out,dense1,last_conv,conv3,conv2,conv1",0.1855149837481434,0.0012340914
192,"[[49]
 [48]
 [54]
 [48]
 [54]
 [50]]",6,"dense_out,dense1,last_conv,conv3,conv2,conv1",-0.09494726199210757,-0.075651996
354,"[[49]
 [48]
 [51]
 [53]
 [56]
 [50]]",6,"dense_out,dense1,last_conv,conv3,conv2,conv1",0.5470666198997218,0.5488142
1032,"[[77]
 [82]
 [48]
 [50]
 [52]
 [55]
 [56]
 [48]
 [71]]",6,"dense_out,dense1,last_conv,conv3,conv2,conv1",-0.7216251286807254,-0.18140626
144,"[[49]
 [49]
 [49]
 [55]
 [56]
 [53]]",6,"dense_out,dense1,last_conv,conv3,conv2,conv1",0.28204873403772435,0.027217347
1426,"[[77]
 [82]
 [48]
 [50]
 [52]
 [55]
 [56]
 [48]
 [71]]",6,"dense_out,dense1,last_conv,conv3,conv2,conv1",0.21507281509164738,0.005783496
1736,"[[77]
 [82]
 [48]
 [53]
 [49]
 [54]
 [52]
 [52]]",6,"dense_out,dense1,last_conv,conv3,conv2,conv1",0.6711157686520957,0.66649616
139,"[[49]
 [49]
 [49]
 [49]
 [50]
 [53]]",6,"dense_out,dense1,last_conv,conv3,conv2,conv1",0.09581266223966754,0.10224647
2586,"[[49]
 [48]
 [56]
 [53]
 [53]
 [48]]",6,"dense_out,dense1,last_conv,conv3,conv2,conv1",,6.331749e-05
3029,"[[49]
 [48]
 [57]
 [56]
 [57]
 [56]]",6,"dense_out,dense1,last_conv,conv3,conv2,conv1",0.11445693098073248,0.036579538
746,"[[49]
 [48]
 [50]
 [54]
 [52]
 [56]]",6,"dense_out,dense1,last_conv,conv3,conv2,conv1",0.2560160436731963,0.14365037
1178,"[[77]
 [82]
 [48]
 [53]
 [49]
 [55]
 [57]
 [54]
 [66]]",6,"dense_out,dense1,last_conv,conv3,conv2,conv1",0.07604812175141368,0.005159017
1395,"[[77]
 [82]
 [48]
 [52]
 [56]
 [57]
 [52]
 [52]
 [66]]",6,"dense_out,dense1,last_conv,conv3,conv2,conv1",0.43626858847646116,0.31889886
63,"[[49]
 [48]
 [55]
 [53]
 [48]
 [53]]",6,"dense_out,dense1,last_conv,conv3,conv2,conv1",0.07728658901916169,0.06652713
2542,"[[49]
 [48]
 [54]
 [52]
 [52]
 [50]]",6,"dense_out,dense1,last_conv,conv3,conv2,conv1",,2.2094162e-05
1231,"[[77]
 [82]
 [48]
 [53]
 [48]
 [54]
 [56]
 [55]
 [67]]",6,"dense_out,dense1,last_conv,conv3,conv2,conv1",0.08968902091610986,0.0015570292
2298,"[[49]
 [48]
 [54]
 [55]
 [50]
 [48]]",6,"dense_out,dense1,last_conv,conv3,conv2,conv1",0.6443423444156814,0.6379378
1866,"[[77]
 [82]
 [48]
 [51]
 [49]
 [52]
 [48]
 [57]
 [66]]",6,"dense_out,dense1,last_conv,conv3,conv2,conv1",0.22360512197935634,0.0025875806
679,"[[49]
 [49]
 [51]
 [53]
 [53]
 [52]]",6,"dense_out,dense1,last_conv,conv3,conv2,conv1",-0.23343500003172474,-0.0013451785
251,"[[49]
 [49]
 [48]
 [53]
 [49]
 [56]]",6,"dense_out,dense1,last_conv,conv3,conv2,conv1",0.09677841838243499,0.042996004
765,"[[49]
 [48]
 [51]
 [52]
 [55]
 [56]]",6,"dense_out,dense1,last_conv,conv3,conv2,conv1",0.004452886685794628,0.007720233
51,"[[49]
 [48]
 [55]
 [52]
 [57]
 [53]]",6,"dense_out,dense1,last_conv,conv3,conv2,conv1",0.5208948203861183,0.25765994
2426,"[[57]
 [56]
 [50]
 [52]
 [49]]",6,"dense_out,dense1,last_conv,conv3,conv2,conv1",0.10180445363554884,0.000312817
736,"[[49]
 [48]
 [49]
 [55]
 [50]
 [52]]",6,"dense_out,dense1,last_conv,conv3,conv2,conv1",-0.0028399855343000852,-0.040463075
2534,"[[49]
 [48]
 [53]
 [57]
 [51]
 [55]]",6,"dense_out,dense1,last_conv,conv3,conv2,conv1",0.056720577845170234,0.038426924
2015,"[[77]
 [82]
 [48]
 [51]
 [51]
 [52]
 [50]
 [48]]",6,"dense_out,dense1,last_conv,conv3,conv2,conv1",,3.78022e-05
149,"[[49]
 [49]
 [50]
 [48]
 [55]
 [52]]",6,"dense_out,dense1,last_conv,conv3,conv2,conv1",0.2726386242242277,0.0052999253
1343,"[[77]
 [82]
 [48]
 [52]
 [48]
 [50]
 [52]
 [48]
 [66]]",6,"dense_out,dense1,last_conv,conv3,conv2,conv1",0.1044142018095163,0.00012897582
254,"[[49]
 [49]
 [48]
 [53]
 [51]
 [55]]",6,"dense_out,dense1,last_conv,conv3,conv2,conv1",0.07145229365150042,0.0027687028
1340,"[[77]
 [82]
 [48]
 [52]
 [48]
 [50]
 [52]
 [48]]",6,"dense_out,dense1,last_conv,conv3,conv2,conv1",-0.07084350405566697,-0.0006110445
44,"[[49]
 [48]
 [54]
 [48]
 [54]
 [50]]",6,"dense_out,dense1,last_conv,conv3,conv2,conv1",0.014056933597684281,-0.021055708
756,"[[49]
 [49]
 [52]
 [48]
 [49]
 [56]]",6,"dense_out,dense1,last_conv,conv3,conv2,conv1",0.09256508732324777,0.00050176727
1951,"[[77]
 [82]
 [48]
 [51]
 [56]
 [52]
 [54]
 [57]]",6,"dense_out,dense1,last_conv,conv3,conv2,conv1",-0.2273722499596623,-0.02728142
2144,"[[77]
 [82]
 [48]
 [53]
 [49]
 [53]
 [56]
 [54]]",6,"dense_out,dense1,last_conv,conv3,conv2,conv1",0.3713760885348999,0.25506222
240,"[[49]
 [48]
 [57]
 [55]
 [54]
 [57]]",6,"dense_out,dense1,last_conv,conv3,conv2,conv1",0.35332653745201903,0.2036385
1608,"[[77]
 [82]
 [48]
 [52]
 [48]
 [50]
 [52]
 [48]]",6,"dense_out,dense1,last_conv,conv3,conv2,conv1",0.035790105953573306,0.018271632
2283,"[[77]
 [82]
 [48]
 [49]
 [55]
 [50]
 [54]
 [48]
 [70]]",6,"dense_out,dense1,last_conv,conv3,conv2,conv1",0.08911512782787061,0.0005829388
3045,"[[49]
 [49]
 [49]
 [48]
 [55]
 [53]]",6,"dense_out,dense1,last_conv,conv3,conv2,conv1",0.09740970337408579,0.03527242
246,"[[49]
 [48]
 [57]
 [57]
 [54]
 [56]]",6,"dense_out,dense1,last_conv,conv3,conv2,conv1",0.7516847650821877,0.6633449
1084,"[[77]
 [82]
 [48]
 [53]
 [48]
 [55]
 [57]
 [49]
 [66]]",6,"dense_out,dense1,last_conv,conv3,conv2,conv1",0.7244490394636457,0.59997684
2447,"[[49]
 [48]
 [48]
 [51]
 [54]
 [48]]",6,"dense_out,dense1,last_conv,conv3,conv2,conv1",0.7048382094204099,0.5803588
602,"[[49]
 [48]
 [52]
 [53]
 [53]
 [56]]",6,"dense_out,dense1,last_conv,conv3,conv2,conv1",0.05955732113853059,-0.0032220925
211,"[[49]
 [48]
 [55]
 [53]
 [48]
 [53]]",6,"dense_out,dense1,last_conv,conv3,conv2,conv1",0.1927788553743016,0.0399258
331,"[[49]
 [48]
 [50]
 [54]
 [52]
 [56]]",6,"dense_out,dense1,last_conv,conv3,conv2,conv1",0.15279236521939,0.0004617858
1525,"[[77]
 [82]
 [48]
 [52]
 [48]
 [50]
 [52]
 [48]
 [67]]",6,"dense_out,dense1,last_conv,conv3,conv2,conv1",0.156583691042683,0.00026547213
2578,"[[49]
 [48]
 [55]
 [57]
 [52]
 [54]]",6,"dense_out,dense1,last_conv,conv3,conv2,conv1",0.36742260533895577,0.24041323
535,"[[49]
 [48]
 [49]
 [55]
 [50]
 [52]]",6,"dense_out,dense1,last_conv,conv3,conv2,conv1",0.23950149935216908,0.10751298
2405,"[[57]
 [55]
 [54]
 [48]
 [55]]",6,"dense_out,dense1,last_conv,conv3,conv2,conv1",0.5091154132029153,0.45035535
2195,"[[77]
 [82]
 [48]
 [53]
 [50]
 [53]
 [53]
 [48]]",6,"dense_out,dense1,last_conv,conv3,conv2,conv1",0.03575001796229673,0.00037934643
443,"[[57]
 [55]
 [52]
 [54]
 [49]]",6,"dense_out,dense1,last_conv,conv3,conv2,conv1",0.1495268750197258,0.0009285337
1985,"[[77]
 [82]
 [48]
 [51]
 [57]
 [52]
 [55]
 [51]
 [66]]",6,"dense_out,dense1,last_conv,conv3,conv2,conv1",0.39848068954562343,0.1886745
134,"[[49]
 [49]
 [49]
 [49]
 [50]
 [53]]",6,"dense_out,dense1,last_conv,conv3,conv2,conv1",-0.0651384873282647,-0.018747514
2481,"[[49]
 [48]
 [50]
 [52]
 [50]
 [48]]",6,"dense_out,dense1,last_conv,conv3,conv2,conv1",0.1433180436268655,0.13118377
270,"[[49]
 [49]
 [49]
 [49]
 [50]
 [53]]",6,"dense_out,dense1,last_conv,conv3,conv2,conv1",0.10601720938222663,0.060927823
257,"[[49]
 [48]
 [57]
 [57]
 [54]
 [56]]",6,"dense_out,dense1,last_conv,conv3,conv2,conv1",0.054265095373610454,0.00030698482
2221,"[[77]
 [82]
 [48]
 [53]
 [51]
 [49]
 [49]
 [48]
 [66]]",6,"dense_out,dense1,last_conv,conv3,conv2,conv1",,2.7981529e-05
1832,"[[77]
 [82]
 [48]
 [53]
 [51]
 [50]
 [52]
 [49]
 [67]]",6,"dense_out,dense1,last_conv,conv3,conv2,conv1",-0.0896713922492508,-0.0004790843
2713,"[[57]
 [56]
 [50]
 [52]
 [49]]",6,"dense_out,dense1,last_conv,conv3,conv2,conv1",0.10929467169298812,0.04259792
2736,"[[57]
 [57]
 [56]
 [49]
 [53]]",6,"dense_out,dense1,last_conv,conv3,conv2,conv1",0.19175184577920587,0.074610256
2727,"[[57]
 [57]
 [50]
 [56]
 [56]]",6,"dense_out,dense1,last_conv,conv3,conv2,conv1",0.2358286120466351,0.06570467
637,"[[49]
 [48]
 [53]
 [54]
 [51]
 [56]]",6,"dense_out,dense1,last_conv,conv3,conv2,conv1",-0.02523286226745052,-0.00837195
178,"[[49]
 [49]
 [52]
 [51]
 [54]
 [49]]",6,"dense_out,dense1,last_conv,conv3,conv2,conv1",0.48031982785986144,0.17768191
52,"[[49]
 [48]
 [55]
 [52]
 [57]
 [53]]",6,"dense_out,dense1,last_conv,conv3,conv2,conv1",0.6791338547553843,0.44015163
842,"[[49]
 [48]
 [53]
 [52]
 [55]
 [53]]",6,"dense_out,dense1,last_conv,conv3,conv2,conv1",0.09184987185093062,-0.0012186478
567,"[[49]
 [48]
 [51]
 [53]
 [56]
 [50]]",6,"dense_out,dense1,last_conv,conv3,conv2,conv1",0.31082843381524355,0.019019976
