image_idx,patient_id,target_class_idx,target_class_name
1241,"[[77]
 [82]
 [48]
 [51]
 [52]
 [57]
 [57]
 [55]]",1,glioma
203,"[[49]
 [48]
 [55]
 [52]
 [57]
 [53]]",2,pituitary
1260,"[[77]
 [82]
 [48]
 [53]
 [51]
 [49]
 [49]
 [48]
 [69]]",1,glioma
1626,"[[77]
 [82]
 [48]
 [52]
 [48]
 [50]
 [52]
 [48]
 [66]]",1,glioma
1578,"[[77]
 [82]
 [48]
 [52]
 [56]
 [50]
 [57]
 [52]
 [66]]",1,glioma
102,"[[49]
 [48]
 [57]
 [56]
 [57]
 [56]]",2,pituitary
2925,"[[57]
 [48]
 [50]
 [56]
 [52]]",2,pituitary
1582,"[[77]
 [82]
 [48]
 [52]
 [56]
 [54]
 [50]
 [49]
 [66]]",0,meningioma
485,"[[57]
 [56]
 [57]
 [57]
 [50]]",0,meningioma
1437,"[[77]
 [82]
 [48]
 [52]
 [57]
 [52]
 [53]
 [51]
 [66]]",0,meningioma
1897,"[[77]
 [82]
 [48]
 [51]
 [55]
 [52]
 [53]
 [56]
 [66]]",0,meningioma
2962,"[[57]
 [54]
 [53]
 [56]
 [55]]",0,meningioma
266,"[[49]
 [49]
 [49]
 [49]
 [50]
 [53]]",2,pituitary
1547,"[[77]
 [82]
 [48]
 [49]
 [55]
 [50]
 [54]
 [48]
 [70]]",1,glioma
2295,"[[56]
 [56]
 [53]
 [49]
 [48]]",0,meningioma
2605,"[[49]
 [49]
 [49]
 [48]
 [55]
 [55]]",0,meningioma
2357,"[[49]
 [49]
 [50]
 [48]
 [48]
 [50]]",0,meningioma
2603,"[[49]
 [49]
 [48]
 [56]
 [48]
 [56]]",0,meningioma
1244,"[[77]
 [82]
 [48]
 [51]
 [52]
 [57]
 [57]
 [55]]",1,glioma
2923,"[[57]
 [48]
 [50]
 [56]
 [52]]",0,meningioma
1200,"[[77]
 [82]
 [48]
 [52]
 [57]
 [57]
 [52]
 [50]
 [66]]",1,glioma
2762,"[[49]
 [48]
 [51]
 [49]
 [52]
 [56]]",1,glioma
2423,"[[57]
 [55]
 [57]
 [52]
 [51]]",0,meningioma
1611,"[[77]
 [82]
 [48]
 [52]
 [48]
 [50]
 [52]
 [48]]",1,glioma
1999,"[[77]
 [82]
 [48]
 [52]
 [48]
 [50]
 [52]
 [48]
 [66]]",2,pituitary
2001,"[[49]
 [48]
 [52]
 [50]
 [56]
 [49]]",0,meningioma
1116,"[[77]
 [82]
 [48]
 [53]
 [49]
 [52]
 [54]
 [49]]",1,glioma
2854,"[[49]
 [48]
 [54]
 [55]
 [50]
 [48]]",0,meningioma
2721,"[[57]
 [57]
 [48]
 [56]
 [57]]",0,meningioma
1089,"[[57]
 [57]
 [48]
 [49]
 [55]]",0,meningioma
2129,"[[77]
 [82]
 [48]
 [52]
 [57]
 [48]
 [49]
 [57]
 [67]]",2,pituitary
1551,"[[77]
 [82]
 [48]
 [50]
 [57]
 [50]
 [48]
 [57]
 [73]]",1,glioma
764,"[[49]
 [48]
 [51]
 [52]
 [55]
 [56]]",2,pituitary
1670,"[[77]
 [82]
 [48]
 [50]
 [54]
 [49]
 [55]
 [53]
 [69]]",1,glioma
1518,"[[77]
 [82]
 [48]
 [52]
 [48]
 [50]
 [52]
 [48]
 [67]]",1,glioma
1444,"[[77]
 [82]
 [48]
 [52]
 [57]
 [52]
 [53]
 [51]
 [66]]",1,glioma
192,"[[49]
 [48]
 [54]
 [48]
 [54]
 [50]]",2,pituitary
354,"[[49]
 [48]
 [51]
 [53]
 [56]
 [50]]",0,meningioma
1032,"[[77]
 [82]
 [48]
 [50]
 [52]
 [55]
 [56]
 [48]
 [71]]",1,glioma
144,"[[49]
 [49]
 [49]
 [55]
 [56]
 [53]]",2,pituitary
1426,"[[77]
 [82]
 [48]
 [50]
 [52]
 [55]
 [56]
 [48]
 [71]]",1,glioma
1736,"[[77]
 [82]
 [48]
 [53]
 [49]
 [54]
 [52]
 [52]]",0,meningioma
139,"[[49]
 [49]
 [49]
 [49]
 [50]
 [53]]",2,pituitary
2586,"[[49]
 [48]
 [56]
 [53]
 [53]
 [48]]",0,meningioma
3029,"[[49]
 [48]
 [57]
 [56]
 [57]
 [56]]",2,pituitary
746,"[[49]
 [48]
 [50]
 [54]
 [52]
 [56]]",2,pituitary
1178,"[[77]
 [82]
 [48]
 [53]
 [49]
 [55]
 [57]
 [54]
 [66]]",1,glioma
1395,"[[77]
 [82]
 [48]
 [52]
 [56]
 [57]
 [52]
 [52]
 [66]]",0,meningioma
63,"[[49]
 [48]
 [55]
 [53]
 [48]
 [53]]",2,pituitary
2542,"[[49]
 [48]
 [54]
 [52]
 [52]
 [50]]",0,meningioma
1231,"[[77]
 [82]
 [48]
 [53]
 [48]
 [54]
 [56]
 [55]
 [67]]",1,glioma
2298,"[[49]
 [48]
 [54]
 [55]
 [50]
 [48]]",0,meningioma
1866,"[[77]
 [82]
 [48]
 [51]
 [49]
 [52]
 [48]
 [57]
 [66]]",1,glioma
679,"[[49]
 [49]
 [51]
 [53]
 [53]
 [52]]",1,glioma
251,"[[49]
 [49]
 [48]
 [53]
 [49]
 [56]]",2,pituitary
765,"[[49]
 [48]
 [51]
 [52]
 [55]
 [56]]",2,pituitary
51,"[[49]
 [48]
 [55]
 [52]
 [57]
 [53]]",2,pituitary
2426,"[[57]
 [56]
 [50]
 [52]
 [49]]",1,glioma
736,"[[49]
 [48]
 [49]
 [55]
 [50]
 [52]]",2,pituitary
2534,"[[49]
 [48]
 [53]
 [57]
 [51]
 [55]]",2,pituitary
2015,"[[77]
 [82]
 [48]
 [51]
 [51]
 [52]
 [50]
 [48]]",0,meningioma
149,"[[49]
 [49]
 [50]
 [48]
 [55]
 [52]]",1,glioma
1343,"[[77]
 [82]
 [48]
 [52]
 [48]
 [50]
 [52]
 [48]
 [66]]",1,glioma
254,"[[49]
 [49]
 [48]
 [53]
 [51]
 [55]]",2,pituitary
1340,"[[77]
 [82]
 [48]
 [52]
 [48]
 [50]
 [52]
 [48]]",1,glioma
44,"[[49]
 [48]
 [54]
 [48]
 [54]
 [50]]",2,pituitary
756,"[[49]
 [49]
 [52]
 [48]
 [49]
 [56]]",1,glioma
1951,"[[77]
 [82]
 [48]
 [51]
 [56]
 [52]
 [54]
 [57]]",2,pituitary
2144,"[[77]
 [82]
 [48]
 [53]
 [49]
 [53]
 [56]
 [54]]",0,meningioma
240,"[[49]
 [48]
 [57]
 [55]
 [54]
 [57]]",2,pituitary
1608,"[[77]
 [82]
 [48]
 [52]
 [48]
 [50]
 [52]
 [48]]",1,glioma
2283,"[[77]
 [82]
 [48]
 [49]
 [55]
 [50]
 [54]
 [48]
 [70]]",0,meningioma
3045,"[[49]
 [49]
 [49]
 [48]
 [55]
 [53]]",2,pituitary
246,"[[49]
 [48]
 [57]
 [57]
 [54]
 [56]]",0,meningioma
1084,"[[77]
 [82]
 [48]
 [53]
 [48]
 [55]
 [57]
 [49]
 [66]]",0,meningioma
2447,"[[49]
 [48]
 [48]
 [51]
 [54]
 [48]]",0,meningioma
602,"[[49]
 [48]
 [52]
 [53]
 [53]
 [56]]",2,pituitary
211,"[[49]
 [48]
 [55]
 [53]
 [48]
 [53]]",2,pituitary
331,"[[49]
 [48]
 [50]
 [54]
 [52]
 [56]]",1,glioma
1525,"[[77]
 [82]
 [48]
 [52]
 [48]
 [50]
 [52]
 [48]
 [67]]",1,glioma
2578,"[[49]
 [48]
 [55]
 [57]
 [52]
 [54]]",0,meningioma
535,"[[49]
 [48]
 [49]
 [55]
 [50]
 [52]]",2,pituitary
2405,"[[57]
 [55]
 [54]
 [48]
 [55]]",0,meningioma
2195,"[[77]
 [82]
 [48]
 [53]
 [50]
 [53]
 [53]
 [48]]",0,meningioma
443,"[[57]
 [55]
 [52]
 [54]
 [49]]",1,glioma
1985,"[[77]
 [82]
 [48]
 [51]
 [57]
 [52]
 [55]
 [51]
 [66]]",2,pituitary
134,"[[49]
 [49]
 [49]
 [49]
 [50]
 [53]]",2,pituitary
2481,"[[49]
 [48]
 [50]
 [52]
 [50]
 [48]]",0,meningioma
270,"[[49]
 [49]
 [49]
 [49]
 [50]
 [53]]",2,pituitary
257,"[[49]
 [48]
 [57]
 [57]
 [54]
 [56]]",1,glioma
2221,"[[77]
 [82]
 [48]
 [53]
 [51]
 [49]
 [49]
 [48]
 [66]]",0,meningioma
1832,"[[77]
 [82]
 [48]
 [53]
 [51]
 [50]
 [52]
 [49]
 [67]]",1,glioma
2713,"[[57]
 [56]
 [50]
 [52]
 [49]]",2,pituitary
2736,"[[57]
 [57]
 [56]
 [49]
 [53]]",0,meningioma
2727,"[[57]
 [57]
 [50]
 [56]
 [56]]",2,pituitary
637,"[[49]
 [48]
 [53]
 [54]
 [51]
 [56]]",2,pituitary
178,"[[49]
 [49]
 [52]
 [51]
 [54]
 [49]]",2,pituitary
52,"[[49]
 [48]
 [55]
 [52]
 [57]
 [53]]",2,pituitary
842,"[[49]
 [48]
 [53]
 [52]
 [55]
 [53]]",2,pituitary
567,"[[49]
 [48]
 [51]
 [53]
 [56]
 [50]]",2,pituitary
