stratum,class,n_slices,n_patients,metric,estimate,ci95_low,ci95_high,bootstrap_unit,n_bootstrap,seed
Correct,Glioma,1241,86,pointing_hit,0.0032232070910556,0.0,0.007490700486789332,patient,10000,20260925
Correct,Glioma,1241,86,saliency_mass,0.009206666488131352,0.00753041320078344,0.010971560772711256,patient,10000,20260925
Correct,Glioma,1241,86,iou@0.5,4.473434382427929e-05,2.0196121139517172e-06,0.00011921472920818474,patient,10000,20260925
Correct,Meningioma,476,74,pointing_hit,0.14705882352941177,0.1074374881105874,0.18565551537070524,patient,10000,20260925
Correct,Meningioma,476,74,saliency_mass,0.03695553156830336,0.029705405584760685,0.04393455144950511,patient,10000,20260925
Correct,Meningioma,476,74,iou@0.5,0.02484093844563415,0.016789040259552735,0.03375824787262078,patient,10000,20260925
Correct,Pituitary,877,60,pointing_hit,0.04561003420752566,0.027617778987314143,0.06614804645384646,patient,10000,20260925
Correct,Pituitary,877,60,saliency_mass,0.01197506870737309,0.00961376985723435,0.01461253373929157,patient,10000,20260925
Correct,Pituitary,877,60,iou@0.5,0.009791947712217135,0.005274809026687541,0.014922726935641001,patient,10000,20260925
Incorrect,Glioma,185,44,pointing_hit,0.04864864864864865,0.012656237560703767,0.0851063829787234,patient,10000,20260925
Incorrect,Glioma,185,44,saliency_mass,0.02712851550531324,0.019842836591076583,0.03350752417641399,patient,10000,20260925
Incorrect,Glioma,185,44,iou@0.5,0.010384838793350242,0.002700426778429124,0.01993893702826193,patient,10000,20260925
Incorrect,Meningioma,232,59,pointing_hit,0.07758620689655173,0.01282051282051282,0.14901960784313725,patient,10000,20260925
Incorrect,Meningioma,232,59,saliency_mass,0.011061842298736394,0.006812866155929261,0.015272768236237086,patient,10000,20260925
Incorrect,Meningioma,232,59,iou@0.5,0.02560903214009574,0.0002957134191746467,0.060302063832330235,patient,10000,20260925
Incorrect,Pituitary,53,20,pointing_hit,0.0,0.0,0.0,patient,10000,20260925
Incorrect,Pituitary,53,20,saliency_mass,0.002326924269698113,0.0013745976767265697,0.0031570623131615023,patient,10000,20260925
Incorrect,Pituitary,53,20,iou@0.5,0.0,0.0,0.0,patient,10000,20260925
