model,fold,seed,n_train,n_val_internal,n_test,accuracy,macro_f1
MobileNetV2,1,42,2252,199,613,0.8776508972267537,0.843427714509318
MobileNetV2,1,43,2252,199,613,0.8841761827079935,0.8398080377003093
MobileNetV2,1,44,2252,199,613,0.8531810766721044,0.8014918915320802
MobileNetV2,2,42,2188,263,613,0.8760195758564437,0.8683764948133796
MobileNetV2,2,43,2188,263,613,0.8711256117455138,0.865405992044331
MobileNetV2,2,44,2188,263,613,0.9070146818923328,0.9044510852859379
MobileNetV2,3,42,2148,303,613,0.8613376835236541,0.8351316698939993
MobileNetV2,3,43,2148,303,613,0.8580750407830342,0.8357098118383933
MobileNetV2,3,44,2148,303,613,0.8629690048939641,0.8370354859720903
MobileNetV2,4,42,2217,234,613,0.8825448613376835,0.8843918674657196
MobileNetV2,4,43,2217,234,613,0.8629690048939641,0.8609786469772072
MobileNetV2,4,44,2217,234,613,0.8564437194127243,0.8527873685511107
MobileNetV2,5,42,2237,215,612,0.8856209150326797,0.844497569987766
MobileNetV2,5,43,2237,215,612,0.8643790849673203,0.8105969825819072
MobileNetV2,5,44,2237,215,612,0.8627450980392157,0.8045660443496528
EfficientNetB7,1,42,2252,199,613,0.8743882544861338,0.8409266613600979
EfficientNetB7,1,43,2252,199,613,0.8515497553017944,0.8021417553616415
EfficientNetB7,1,44,2252,199,613,0.8629690048939641,0.8314779270633398
EfficientNetB7,2,42,2188,263,613,0.8890701468189234,0.8789448477695213
EfficientNetB7,2,43,2188,263,613,0.8825448613376835,0.8754299722204381
EfficientNetB7,2,44,2188,263,613,0.9119086460032626,0.9101532236510467
EfficientNetB7,3,42,2148,303,613,0.8743882544861338,0.8554195101891402
EfficientNetB7,3,43,2148,303,613,0.8858075040783034,0.8662780602302655
EfficientNetB7,3,44,2148,303,613,0.8760195758564437,0.8518951971146143
EfficientNetB7,4,42,2217,234,613,0.8825448613376835,0.8757692128659871
EfficientNetB7,4,43,2217,234,613,0.8907014681892332,0.883512694836428
EfficientNetB7,4,44,2217,234,613,0.8890701468189234,0.8852272031049719
EfficientNetB7,5,42,2237,215,612,0.8758169934640523,0.839009191742902
EfficientNetB7,5,43,2237,215,612,0.8905228758169934,0.8576205708123738
EfficientNetB7,5,44,2237,215,612,0.8872549019607843,0.8490607741544071
