fold,seed,n_train,n_val_internal,n_test,n_patients_test,accuracy,macro_f1
1,42,2252,199,613,46,0.7030995106035889,0.6729472683294291
1,43,2252,199,613,46,0.7716150081566069,0.6979546263153354
1,44,2252,199,613,46,0.7911908646003263,0.7555745343557394
2,42,2188,263,613,47,0.8548123980424144,0.8521845757745267
2,43,2188,263,613,47,0.8548123980424144,0.8541914873676122
2,44,2188,263,613,47,0.8597063621533442,0.8515811937983734
3,42,2148,303,613,47,0.8515497553017944,0.8388129977106953
3,43,2148,303,613,47,0.8205546492659054,0.7960385256000206
3,44,2148,303,613,47,0.8531810766721044,0.828497385057815
4,42,2217,234,613,47,0.8466557911908646,0.8493196120918096
4,43,2217,234,613,47,0.8384991843393148,0.8283690211428819
4,44,2217,234,613,47,0.8711256117455138,0.8718036038542407
5,42,2237,215,612,46,0.8431372549019608,0.7952733885686959
5,43,2237,215,612,46,0.8300653594771242,0.7827036912002209
5,44,2237,215,612,46,0.826797385620915,0.7776119633885097
