outer_fold,subset,patient_id,label
0,train,101016,meningioma
0,train,108514,meningioma
0,train,108550,meningioma
0,train,108945,meningioma
0,train,109968,meningioma
0,train,110116,meningioma
0,train,111077,meningioma
0,train,111366,meningioma
0,train,111532,meningioma
0,train,112002,meningioma
0,train,112062,meningioma
0,train,112252,meningioma
0,train,101127,meningioma
0,train,113554,meningioma
0,train,114359,meningioma
0,train,97607,meningioma
0,train,97875,meningioma
0,train,99017,meningioma
0,train,101797,meningioma
0,train,99308,meningioma
0,train,100820,glioma
0,train,100572,meningioma
0,train,102420,meningioma
0,train,102446,meningioma
0,train,102675,meningioma
0,train,102714,meningioma
0,train,102935,meningioma
0,train,103673,meningioma
0,train,104167,meningioma
0,train,104281,meningioma
0,train,105374,meningioma
0,train,106442,meningioma
0,train,106720,meningioma
0,train,107190,meningioma
0,train,107248,meningioma
0,train,100639,meningioma
0,train,102960,meningioma
0,train,106592,meningioma
0,train,107946,meningioma
0,train,109350,meningioma
0,train,110808,meningioma
0,train,58392,pituitary
0,train,111696,meningioma
0,train,111710,meningioma
0,train,113614,meningioma
0,train,113971,meningioma
0,train,97374,meningioma
0,train,97793,meningioma
0,train,99162,meningioma
0,train,105936,pituitary
0,train,106062,pituitary
0,train,101020,glioma
0,train,102075,glioma
0,train,106494,glioma
0,train,107747,glioma
0,train,112105,glioma
0,train,104019,pituitary
0,train,104558,pituitary
0,train,104912,pituitary
0,train,105187,pituitary
0,train,105538,pituitary
0,train,105638,pituitary
0,train,97416,pituitary
0,train,97481,pituitary
0,train,97599,pituitary
0,train,97890,pituitary
0,train,98472,pituitary
0,train,98652,pituitary
0,train,98871,pituitary
0,train,98992,pituitary
0,train,99223,pituitary
0,train,101017,pituitary
0,train,101145,pituitary
0,train,101305,pituitary
0,train,101724,pituitary
0,train,103046,pituitary
0,train,103257,pituitary
0,train,103478,pituitary
0,train,103582,pituitary
0,train,103670,pituitary
0,train,103731,pituitary
0,train,MR048294,glioma
0,train,MR048297,glioma
0,train,MR048621B,glioma
0,train,MR048994,glioma
0,train,MR049104,glioma
0,train,MR049142,glioma
0,train,MR048944B,glioma
0,train,MR049104B,glioma
0,train,MR049453,glioma
0,train,MR049453B,glioma
0,train,MR050135B,glioma
0,train,MR050791B,glioma
0,train,MR049019C,glioma
0,train,MR026175C,glioma
0,train,MR051461,glioma
0,train,MR051586,glioma
0,train,MR051651,glioma
0,train,MR051796,glioma
0,train,MR051651B,glioma
0,train,MR051644B,glioma
0,train,MR052550,glioma
0,train,MR049942B,glioma
0,train,MR052585B,glioma
0,train,MR047953C,glioma
0,train,MR054875,glioma
0,train,MR034997,glioma
0,train,MR029209E,glioma
0,train,MR053110E,glioma
0,train,MR031409B,glioma
0,train,MR024780D,glioma
0,train,MR038469,glioma
0,train,MR032322C,glioma
0,train,MR037458B,glioma
0,train,MR039473B,glioma
0,train,MR037458C,glioma
0,train,MR040240B,glioma
0,train,MR029209G,glioma
0,train,MR033420,glioma
0,train,MR024780B,glioma
0,train,112649,pituitary
0,train,112746,pituitary
0,train,112847,pituitary
0,train,113274,pituitary
0,train,113741,pituitary
0,train,114040,pituitary
0,train,114094,pituitary
0,train,107495,pituitary
0,train,107429,pituitary
0,train,107505,pituitary
0,train,108931,pituitary
0,train,109471,pituitary
0,train,109898,pituitary
0,train,111075,pituitary
0,train,112074,pituitary
0,train,90284,glioma
0,train,92897,glioma
0,train,93825,glioma
0,train,105653,glioma
0,train,95142,glioma
0,train,98889,glioma
0,train,MR026175E,glioma
0,train,MR040240D,glioma
0,train,MR017260F,glioma
0,train,MR053241C,glioma
0,train,53669,meningioma
0,train,95969,meningioma
0,train,88510,meningioma
0,validation,107494,meningioma
0,validation,108590,meningioma
0,validation,109411,meningioma
0,validation,112648,meningioma
0,validation,114018,meningioma
0,validation,97943,meningioma
0,validation,99288,meningioma
0,validation,102985,meningioma
0,validation,105555,meningioma
0,validation,106284,meningioma
0,validation,106665,meningioma
0,validation,102818,meningioma
0,validation,104695,meningioma
0,validation,113098,meningioma
0,validation,114417,meningioma
0,validation,98995,pituitary
0,validation,101029,pituitary
0,validation,102669,pituitary
0,validation,103837,pituitary
0,validation,MR048294B,glioma
0,validation,MR024780G,glioma
0,validation,MR051644C,glioma
0,validation,MR053110B,glioma
0,validation,MR050687C,glioma
0,validation,MR056144,glioma
0,validation,MR049019G,glioma
0,validation,MR040240,glioma
0,validation,MR036496B,glioma
0,validation,110537,pituitary
0,validation,110993,pituitary
0,validation,112027,glioma
0,validation,97609,glioma
0,validation,100416,glioma
0,validation,101384,glioma
0,validation,93329,glioma
0,validation,96587,glioma
0,validation,MR029209I,glioma
0,validation,MR049242C,glioma
0,test,100360,meningioma
0,test,112552,meningioma
0,test,113435,meningioma
0,test,113805,meningioma
0,test,97737,meningioma
0,test,98241,meningioma
0,test,99089,meningioma
0,test,102929,meningioma
0,test,103925,meningioma
0,test,105937,meningioma
0,test,106534,meningioma
0,test,106914,meningioma
0,test,100920,meningioma
0,test,101082,meningioma
0,test,101801,meningioma
0,test,112650,meningioma
0,test,99815,meningioma
0,test,103148,glioma
0,test,104684,pituitary
0,test,105475,pituitary
0,test,97461,pituitary
0,test,98874,pituitary
0,test,102648,pituitary
0,test,103671,pituitary
0,test,MR048944,glioma
0,test,MR048994B,glioma
0,test,MR049358,glioma
0,test,MR050687,glioma
0,test,MR051461B,glioma
0,test,MR051644,glioma
0,test,MR051796B,glioma
0,test,MR034694,glioma
0,test,MR054683,glioma
0,test,MR039473,glioma
0,test,MR033389B,glioma
0,test,114361,pituitary
0,test,107743,pituitary
0,test,108858,pituitary
0,test,109769,pituitary
0,test,110518,pituitary
0,test,111125,pituitary
0,test,111785,pituitary
0,test,88670,glioma
0,test,108479,glioma
0,test,94731,glioma
0,test,MR024780E,glioma
0,test,MR040240C,glioma
1,train,108514,meningioma
1,train,108945,meningioma
1,train,109968,meningioma
1,train,111077,meningioma
1,train,111366,meningioma
1,train,112062,meningioma
1,train,112552,meningioma
1,train,113435,meningioma
1,train,114018,meningioma
1,train,114359,meningioma
1,train,97607,meningioma
1,train,97875,meningioma
1,train,98241,meningioma
1,train,99017,meningioma
1,train,99089,meningioma
1,train,99288,meningioma
1,train,99308,meningioma
1,train,100820,glioma
1,train,102446,meningioma
1,train,102675,meningioma
1,train,102714,meningioma
1,train,102935,meningioma
1,train,102985,meningioma
1,train,103925,meningioma
1,train,104167,meningioma
1,train,104281,meningioma
1,train,105374,meningioma
1,train,105555,meningioma
1,train,105937,meningioma
1,train,106284,meningioma
1,train,106442,meningioma
1,train,106534,meningioma
1,train,106665,meningioma
1,train,106914,meningioma
1,train,107248,meningioma
1,train,100639,meningioma
1,train,100920,meningioma
1,train,101082,meningioma
1,train,101801,meningioma
1,train,102960,meningioma
1,train,104695,meningioma
1,train,107946,meningioma
1,train,110808,meningioma
1,train,58392,pituitary
1,train,111696,meningioma
1,train,111710,meningioma
1,train,112650,meningioma
1,train,113098,meningioma
1,train,113614,meningioma
1,train,113971,meningioma
1,train,114417,meningioma
1,train,97374,meningioma
1,train,99162,meningioma
1,train,99815,meningioma
1,train,101020,glioma
1,train,102075,glioma
1,train,103148,glioma
1,train,106494,glioma
1,train,107747,glioma
1,train,112105,glioma
1,train,104558,pituitary
1,train,104912,pituitary
1,train,105638,pituitary
1,train,97416,pituitary
1,train,97461,pituitary
1,train,97481,pituitary
1,train,97890,pituitary
1,train,98472,pituitary
1,train,98652,pituitary
1,train,98874,pituitary
1,train,98995,pituitary
1,train,101017,pituitary
1,train,101145,pituitary
1,train,101305,pituitary
1,train,101724,pituitary
1,train,102648,pituitary
1,train,103257,pituitary
1,train,103478,pituitary
1,train,103670,pituitary
1,train,103671,pituitary
1,train,103837,pituitary
1,train,MR048294,glioma
1,train,MR048297,glioma
1,train,MR048621B,glioma
1,train,MR048944,glioma
1,train,MR048994,glioma
1,train,MR049104,glioma
1,train,MR048994B,glioma
1,train,MR049104B,glioma
1,train,MR049453,glioma
1,train,MR024780G,glioma
1,train,MR049453B,glioma
1,train,MR050135B,glioma
1,train,MR050687,glioma
1,train,MR050791B,glioma
1,train,MR051586,glioma
1,train,MR051644,glioma
1,train,MR051796,glioma
1,train,MR051651B,glioma
1,train,MR051796B,glioma
1,train,MR051644C,glioma
1,train,MR047953C,glioma
1,train,MR053110B,glioma
1,train,MR034694,glioma
1,train,MR054683,glioma
1,train,MR050687C,glioma
1,train,MR034997,glioma
1,train,MR029209E,glioma
1,train,MR053110E,glioma
1,train,MR024780D,glioma
1,train,MR038469,glioma
1,train,MR032322C,glioma
1,train,MR039473,glioma
1,train,MR037458C,glioma
1,train,MR040240,glioma
1,train,MR029209G,glioma
1,train,MR033420,glioma
1,train,112649,pituitary
1,train,112847,pituitary
1,train,113741,pituitary
1,train,114094,pituitary
1,train,107495,pituitary
1,train,107429,pituitary
1,train,107743,pituitary
1,train,108858,pituitary
1,train,108931,pituitary
1,train,109471,pituitary
1,train,109769,pituitary
1,train,110518,pituitary
1,train,111075,pituitary
1,train,111125,pituitary
1,train,111785,pituitary
1,train,112074,pituitary
1,train,88670,glioma
1,train,92897,glioma
1,train,97609,glioma
1,train,100416,glioma
1,train,105653,glioma
1,train,108479,glioma
1,train,93329,glioma
1,train,94731,glioma
1,train,MR026175E,glioma
1,train,MR040240C,glioma
1,train,MR029209I,glioma
1,train,MR049242C,glioma
1,train,MR053241C,glioma
1,train,95969,meningioma
1,train,88510,meningioma
1,validation,100360,meningioma
1,validation,107494,meningioma
1,validation,108590,meningioma
1,validation,110116,meningioma
1,validation,112252,meningioma
1,validation,113805,meningioma
1,validation,97737,meningioma
1,validation,97943,meningioma
1,validation,102420,meningioma
1,validation,102929,meningioma
1,validation,103673,meningioma
1,validation,106720,meningioma
1,validation,109350,meningioma
1,validation,106062,pituitary
1,validation,104684,pituitary
1,validation,105475,pituitary
1,validation,98992,pituitary
1,validation,101029,pituitary
1,validation,103582,pituitary
1,validation,MR048294B,glioma
1,validation,MR049358,glioma
1,validation,MR049019C,glioma
1,validation,MR051461B,glioma
1,validation,MR051644B,glioma
1,validation,MR052550,glioma
1,validation,MR056144,glioma
1,validation,MR040240B,glioma
1,validation,MR036496B,glioma
1,validation,MR024780B,glioma
1,validation,MR033389B,glioma
1,validation,113274,pituitary
1,validation,114361,pituitary
1,validation,110993,pituitary
1,validation,112027,glioma
1,validation,93825,glioma
1,validation,101384,glioma
1,validation,96587,glioma
1,validation,MR024780E,glioma
1,test,101016,meningioma
1,test,108550,meningioma
1,test,109411,meningioma
1,test,111532,meningioma
1,test,112002,meningioma
1,test,112648,meningioma
1,test,101127,meningioma
1,test,113554,meningioma
1,test,101797,meningioma
1,test,100572,meningioma
1,test,107190,meningioma
1,test,102818,meningioma
1,test,106592,meningioma
1,test,97793,meningioma
1,test,105936,pituitary
1,test,104019,pituitary
1,test,105187,pituitary
1,test,105538,pituitary
1,test,97599,pituitary
1,test,98871,pituitary
1,test,99223,pituitary
1,test,102669,pituitary
1,test,103046,pituitary
1,test,103731,pituitary
1,test,MR049142,glioma
1,test,MR048944B,glioma
1,test,MR026175C,glioma
1,test,MR051461,glioma
1,test,MR051651,glioma
1,test,MR049942B,glioma
1,test,MR052585B,glioma
1,test,MR054875,glioma
1,test,MR049019G,glioma
1,test,MR031409B,glioma
1,test,MR037458B,glioma
1,test,MR039473B,glioma
1,test,112746,pituitary
1,test,114040,pituitary
1,test,107505,pituitary
1,test,109898,pituitary
1,test,110537,pituitary
1,test,90284,glioma
1,test,95142,glioma
1,test,98889,glioma
1,test,MR040240D,glioma
1,test,MR017260F,glioma
1,test,53669,meningioma
2,train,107494,meningioma
2,train,108590,meningioma
2,train,109411,meningioma
2,train,110116,meningioma
2,train,111077,meningioma
2,train,111532,meningioma
2,train,112062,meningioma
2,train,112252,meningioma
2,train,112648,meningioma
2,train,101127,meningioma
2,train,113554,meningioma
2,train,113805,meningioma
2,train,114018,meningioma
2,train,97737,meningioma
2,train,98241,meningioma
2,train,99017,meningioma
2,train,101797,meningioma
2,train,99089,meningioma
2,train,99308,meningioma
2,train,100820,glioma
2,train,100572,meningioma
2,train,102420,meningioma
2,train,102446,meningioma
2,train,102714,meningioma
2,train,102985,meningioma
2,train,103673,meningioma
2,train,103925,meningioma
2,train,104281,meningioma
2,train,105374,meningioma
2,train,106284,meningioma
2,train,106442,meningioma
2,train,106534,meningioma
2,train,106914,meningioma
2,train,107190,meningioma
2,train,100639,meningioma
2,train,100920,meningioma
2,train,101082,meningioma
2,train,101801,meningioma
2,train,102818,meningioma
2,train,102960,meningioma
2,train,106592,meningioma
2,train,107946,meningioma
2,train,109350,meningioma
2,train,58392,pituitary
2,train,111696,meningioma
2,train,111710,meningioma
2,train,112650,meningioma
2,train,113098,meningioma
2,train,97374,meningioma
2,train,97793,meningioma
2,train,99162,meningioma
2,train,99815,meningioma
2,train,105936,pituitary
2,train,102075,glioma
2,train,103148,glioma
2,train,106494,glioma
2,train,112105,glioma
2,train,104019,pituitary
2,train,104684,pituitary
2,train,104912,pituitary
2,train,105187,pituitary
2,train,105475,pituitary
2,train,105638,pituitary
2,train,97416,pituitary
2,train,97461,pituitary
2,train,97481,pituitary
2,train,97890,pituitary
2,train,98472,pituitary
2,train,98871,pituitary
2,train,98874,pituitary
2,train,98995,pituitary
2,train,101017,pituitary
2,train,101029,pituitary
2,train,101724,pituitary
2,train,102669,pituitary
2,train,103046,pituitary
2,train,103582,pituitary
2,train,103671,pituitary
2,train,103837,pituitary
2,train,MR048294,glioma
2,train,MR048294B,glioma
2,train,MR048944,glioma
2,train,MR049142,glioma
2,train,MR048994B,glioma
2,train,MR048944B,glioma
2,train,MR049358,glioma
2,train,MR049104B,glioma
2,train,MR049453B,glioma
2,train,MR050135B,glioma
2,train,MR050791B,glioma
2,train,MR049019C,glioma
2,train,MR051461,glioma
2,train,MR051586,glioma
2,train,MR051461B,glioma
2,train,MR051644,glioma
2,train,MR051651,glioma
2,train,MR051796,glioma
2,train,MR051644C,glioma
2,train,MR049942B,glioma
2,train,MR052585B,glioma
2,train,MR034694,glioma
2,train,MR054683,glioma
2,train,MR056144,glioma
2,train,MR029209E,glioma
2,train,MR053110E,glioma
2,train,MR049019G,glioma
2,train,MR031409B,glioma
2,train,MR024780D,glioma
2,train,MR038469,glioma
2,train,MR032322C,glioma
2,train,MR037458B,glioma
2,train,MR039473,glioma
2,train,MR037458C,glioma
2,train,MR040240B,glioma
2,train,MR024780B,glioma
2,train,MR033389B,glioma
2,train,112649,pituitary
2,train,112746,pituitary
2,train,113274,pituitary
2,train,113741,pituitary
2,train,114040,pituitary
2,train,114361,pituitary
2,train,114094,pituitary
2,train,107429,pituitary
2,train,107505,pituitary
2,train,107743,pituitary
2,train,108858,pituitary
2,train,108931,pituitary
2,train,109769,pituitary
2,train,109898,pituitary
2,train,110518,pituitary
2,train,110993,pituitary
2,train,111125,pituitary
2,train,111785,pituitary
2,train,88670,glioma
2,train,93825,glioma
2,train,97609,glioma
2,train,105653,glioma
2,train,108479,glioma
2,train,93329,glioma
2,train,94731,glioma
2,train,95142,glioma
2,train,MR024780E,glioma
2,train,MR040240C,glioma
2,train,MR040240D,glioma
2,train,MR017260F,glioma
2,train,MR029209I,glioma
2,train,MR053241C,glioma
2,train,88510,meningioma
2,validation,100360,meningioma
2,validation,101016,meningioma
2,validation,108550,meningioma
2,validation,108945,meningioma
2,validation,109968,meningioma
2,validation,112002,meningioma
2,validation,112552,meningioma
2,validation,113435,meningioma
2,validation,102929,meningioma
2,validation,105937,meningioma
2,validation,106720,meningioma
2,validation,113971,meningioma
2,validation,104558,pituitary
2,validation,105538,pituitary
2,validation,97599,pituitary
2,validation,98652,pituitary
2,validation,99223,pituitary
2,validation,102648,pituitary
2,validation,103478,pituitary
2,validation,103731,pituitary
2,validation,MR048621B,glioma
2,validation,MR048994,glioma
2,validation,MR049453,glioma
2,validation,MR050687,glioma
2,validation,MR026175C,glioma
2,validation,MR051651B,glioma
2,validation,MR051796B,glioma
2,validation,MR054875,glioma
2,validation,MR039473B,glioma
2,validation,MR029209G,glioma
2,validation,MR036496B,glioma
2,validation,107495,pituitary
2,validation,110537,pituitary
2,validation,90284,glioma
2,validation,101384,glioma
2,validation,96587,glioma
2,validation,98889,glioma
2,validation,53669,meningioma
2,test,108514,meningioma
2,test,111366,meningioma
2,test,114359,meningioma
2,test,97607,meningioma
2,test,97875,meningioma
2,test,97943,meningioma
2,test,99288,meningioma
2,test,102675,meningioma
2,test,102935,meningioma
2,test,104167,meningioma
2,test,105555,meningioma
2,test,106665,meningioma
2,test,107248,meningioma
2,test,104695,meningioma
2,test,110808,meningioma
2,test,113614,meningioma
2,test,114417,meningioma
2,test,106062,pituitary
2,test,101020,glioma
2,test,107747,glioma
2,test,98992,pituitary
2,test,101145,pituitary
2,test,101305,pituitary
2,test,103257,pituitary
2,test,103670,pituitary
2,test,MR048297,glioma
2,test,MR049104,glioma
2,test,MR024780G,glioma
2,test,MR051644B,glioma
2,test,MR052550,glioma
2,test,MR047953C,glioma
2,test,MR053110B,glioma
2,test,MR050687C,glioma
2,test,MR034997,glioma
2,test,MR040240,glioma
2,test,MR033420,glioma
2,test,112847,pituitary
2,test,109471,pituitary
2,test,111075,pituitary
2,test,112074,pituitary
2,test,112027,glioma
2,test,92897,glioma
2,test,100416,glioma
2,test,MR026175E,glioma
2,test,MR049242C,glioma
2,test,95969,meningioma
3,train,101016,meningioma
3,train,108514,meningioma
3,train,108590,meningioma
3,train,111366,meningioma
3,train,111532,meningioma
3,train,112002,meningioma
3,train,112648,meningioma
3,train,101127,meningioma
3,train,113554,meningioma
3,train,113805,meningioma
3,train,114359,meningioma
3,train,97607,meningioma
3,train,97875,meningioma
3,train,98241,meningioma
3,train,99017,meningioma
3,train,101797,meningioma
3,train,99089,meningioma
3,train,99288,meningioma
3,train,100820,glioma
3,train,100572,meningioma
3,train,102420,meningioma
3,train,102446,meningioma
3,train,102675,meningioma
3,train,102935,meningioma
3,train,102985,meningioma
3,train,103925,meningioma
3,train,104167,meningioma
3,train,105555,meningioma
3,train,106442,meningioma
3,train,106534,meningioma
3,train,106665,meningioma
3,train,106914,meningioma
3,train,107190,meningioma
3,train,107248,meningioma
3,train,100920,meningioma
3,train,101082,meningioma
3,train,101801,meningioma
3,train,102818,meningioma
3,train,104695,meningioma
3,train,106592,meningioma
3,train,107946,meningioma
3,train,109350,meningioma
3,train,110808,meningioma
3,train,58392,pituitary
3,train,111710,meningioma
3,train,112650,meningioma
3,train,113614,meningioma
3,train,97793,meningioma
3,train,99162,meningioma
3,train,99815,meningioma
3,train,105936,pituitary
3,train,106062,pituitary
3,train,101020,glioma
3,train,103148,glioma
3,train,107747,glioma
3,train,112105,glioma
3,train,104019,pituitary
3,train,104684,pituitary
3,train,104912,pituitary
3,train,105475,pituitary
3,train,105538,pituitary
3,train,97461,pituitary
3,train,97481,pituitary
3,train,97599,pituitary
3,train,98652,pituitary
3,train,98871,pituitary
3,train,98874,pituitary
3,train,98992,pituitary
3,train,101305,pituitary
3,train,101724,pituitary
3,train,102669,pituitary
3,train,103046,pituitary
3,train,103582,pituitary
3,train,103670,pituitary
3,train,103671,pituitary
3,train,103731,pituitary
3,train,MR048297,glioma
3,train,MR048944,glioma
3,train,MR048994,glioma
3,train,MR049104,glioma
3,train,MR049142,glioma
3,train,MR048944B,glioma
3,train,MR049358,glioma
3,train,MR024780G,glioma
3,train,MR049453B,glioma
3,train,MR050135B,glioma
3,train,MR050687,glioma
3,train,MR026175C,glioma
3,train,MR051461B,glioma
3,train,MR051644,glioma
3,train,MR051651,glioma
3,train,MR051796,glioma
3,train,MR051796B,glioma
3,train,MR052550,glioma
3,train,MR051644C,glioma
3,train,MR049942B,glioma
3,train,MR053110B,glioma
3,train,MR034694,glioma
3,train,MR054683,glioma
3,train,MR054875,glioma
3,train,MR050687C,glioma
3,train,MR049019G,glioma
3,train,MR031409B,glioma
3,train,MR024780D,glioma
3,train,MR032322C,glioma
3,train,MR037458B,glioma
3,train,MR039473,glioma
3,train,MR039473B,glioma
3,train,MR040240,glioma
3,train,MR040240B,glioma
3,train,MR036496B,glioma
3,train,MR033420,glioma
3,train,MR033389B,glioma
3,train,112649,pituitary
3,train,112746,pituitary
3,train,112847,pituitary
3,train,113274,pituitary
3,train,114040,pituitary
3,train,114361,pituitary
3,train,114094,pituitary
3,train,107429,pituitary
3,train,107743,pituitary
3,train,108858,pituitary
3,train,109471,pituitary
3,train,109769,pituitary
3,train,109898,pituitary
3,train,110518,pituitary
3,train,110537,pituitary
3,train,111075,pituitary
3,train,111125,pituitary
3,train,112074,pituitary
3,train,112027,glioma
3,train,88670,glioma
3,train,90284,glioma
3,train,92897,glioma
3,train,93825,glioma
3,train,97609,glioma
3,train,100416,glioma
3,train,105653,glioma
3,train,108479,glioma
3,train,95142,glioma
3,train,MR026175E,glioma
3,train,MR040240C,glioma
3,train,MR040240D,glioma
3,train,MR017260F,glioma
3,train,MR049242C,glioma
3,train,MR053241C,glioma
3,train,53669,meningioma
3,train,95969,meningioma
3,validation,100360,meningioma
3,validation,108550,meningioma
3,validation,109411,meningioma
3,validation,110116,meningioma
3,validation,111077,meningioma
3,validation,112552,meningioma
3,validation,113435,meningioma
3,validation,114018,meningioma
3,validation,97737,meningioma
3,validation,97943,meningioma
3,validation,102929,meningioma
3,validation,103673,meningioma
3,validation,105937,meningioma
3,validation,106720,meningioma
3,validation,114417,meningioma
3,validation,97374,meningioma
3,validation,104558,pituitary
3,validation,105187,pituitary
3,validation,99223,pituitary
3,validation,101017,pituitary
3,validation,101145,pituitary
3,validation,102648,pituitary
3,validation,103257,pituitary
3,validation,MR048294B,glioma
3,validation,MR048994B,glioma
3,validation,MR049104B,glioma
3,validation,MR051461,glioma
3,validation,MR051644B,glioma
3,validation,MR052585B,glioma
3,validation,MR047953C,glioma
3,validation,MR034997,glioma
3,validation,107505,pituitary
3,validation,111785,pituitary
3,validation,94731,glioma
3,validation,98889,glioma
3,validation,MR024780E,glioma
3,validation,MR029209I,glioma
3,test,107494,meningioma
3,test,108945,meningioma
3,test,109968,meningioma
3,test,112062,meningioma
3,test,112252,meningioma
3,test,99308,meningioma
3,test,102714,meningioma
3,test,104281,meningioma
3,test,105374,meningioma
3,test,106284,meningioma
3,test,100639,meningioma
3,test,102960,meningioma
3,test,111696,meningioma
3,test,113098,meningioma
3,test,113971,meningioma
3,test,102075,glioma
3,test,106494,glioma
3,test,105638,pituitary
3,test,97416,pituitary
3,test,97890,pituitary
3,test,98472,pituitary
3,test,98995,pituitary
3,test,101029,pituitary
3,test,103478,pituitary
3,test,103837,pituitary
3,test,MR048294,glioma
3,test,MR048621B,glioma
3,test,MR049453,glioma
3,test,MR050791B,glioma
3,test,MR049019C,glioma
3,test,MR051586,glioma
3,test,MR051651B,glioma
3,test,MR056144,glioma
3,test,MR029209E,glioma
3,test,MR053110E,glioma
3,test,MR038469,glioma
3,test,MR037458C,glioma
3,test,MR029209G,glioma
3,test,MR024780B,glioma
3,test,113741,pituitary
3,test,107495,pituitary
3,test,108931,pituitary
3,test,110993,pituitary
3,test,101384,glioma
3,test,93329,glioma
3,test,96587,glioma
3,test,88510,meningioma
4,train,108514,meningioma
4,train,108550,meningioma
4,train,109411,meningioma
4,train,109968,meningioma
4,train,111532,meningioma
4,train,112002,meningioma
4,train,112062,meningioma
4,train,112552,meningioma
4,train,112648,meningioma
4,train,113435,meningioma
4,train,101127,meningioma
4,train,113554,meningioma
4,train,113805,meningioma
4,train,97737,meningioma
4,train,97875,meningioma
4,train,98241,meningioma
4,train,101797,meningioma
4,train,99089,meningioma
4,train,99288,meningioma
4,train,100572,meningioma
4,train,102675,meningioma
4,train,102714,meningioma
4,train,102935,meningioma
4,train,103925,meningioma
4,train,104167,meningioma
4,train,104281,meningioma
4,train,105374,meningioma
4,train,105555,meningioma
4,train,105937,meningioma
4,train,106284,meningioma
4,train,106534,meningioma
4,train,106665,meningioma
4,train,106914,meningioma
4,train,107190,meningioma
4,train,107248,meningioma
4,train,100639,meningioma
4,train,100920,meningioma
4,train,101082,meningioma
4,train,101801,meningioma
4,train,102818,meningioma
4,train,102960,meningioma
4,train,104695,meningioma
4,train,110808,meningioma
4,train,111696,meningioma
4,train,112650,meningioma
4,train,113098,meningioma
4,train,113971,meningioma
4,train,114417,meningioma
4,train,97793,meningioma
4,train,99815,meningioma
4,train,105936,pituitary
4,train,101020,glioma
4,train,103148,glioma
4,train,106494,glioma
4,train,107747,glioma
4,train,104019,pituitary
4,train,105187,pituitary
4,train,105538,pituitary
4,train,105638,pituitary
4,train,97416,pituitary
4,train,97461,pituitary
4,train,97599,pituitary
4,train,97890,pituitary
4,train,98472,pituitary
4,train,98871,pituitary
4,train,98874,pituitary
4,train,98992,pituitary
4,train,98995,pituitary
4,train,99223,pituitary
4,train,101029,pituitary
4,train,101305,pituitary
4,train,102648,pituitary
4,train,102669,pituitary
4,train,103257,pituitary
4,train,103478,pituitary
4,train,103670,pituitary
4,train,103671,pituitary
4,train,103837,pituitary
4,train,MR048297,glioma
4,train,MR048621B,glioma
4,train,MR048944,glioma
4,train,MR049104,glioma
4,train,MR049142,glioma
4,train,MR048994B,glioma
4,train,MR048944B,glioma
4,train,MR049358,glioma
4,train,MR049453,glioma
4,train,MR050687,glioma
4,train,MR050791B,glioma
4,train,MR026175C,glioma
4,train,MR051461,glioma
4,train,MR051586,glioma
4,train,MR051461B,glioma
4,train,MR051651,glioma
4,train,MR051651B,glioma
4,train,MR051644B,glioma
4,train,MR051796B,glioma
4,train,MR052550,glioma
4,train,MR049942B,glioma
4,train,MR052585B,glioma
4,train,MR047953C,glioma
4,train,MR034694,glioma
4,train,MR054683,glioma
4,train,MR054875,glioma
4,train,MR034997,glioma
4,train,MR029209E,glioma
4,train,MR053110E,glioma
4,train,MR049019G,glioma
4,train,MR031409B,glioma
4,train,MR038469,glioma
4,train,MR037458B,glioma
4,train,MR039473,glioma
4,train,MR039473B,glioma
4,train,MR040240,glioma
4,train,MR033420,glioma
4,train,MR024780B,glioma
4,train,MR033389B,glioma
4,train,112746,pituitary
4,train,113741,pituitary
4,train,114040,pituitary
4,train,114361,pituitary
4,train,107495,pituitary
4,train,107505,pituitary
4,train,107743,pituitary
4,train,108858,pituitary
4,train,108931,pituitary
4,train,109471,pituitary
4,train,109769,pituitary
4,train,109898,pituitary
4,train,110518,pituitary
4,train,110993,pituitary
4,train,111125,pituitary
4,train,111785,pituitary
4,train,112074,pituitary
4,train,112027,glioma
4,train,88670,glioma
4,train,90284,glioma
4,train,100416,glioma
4,train,101384,glioma
4,train,93329,glioma
4,train,94731,glioma
4,train,95142,glioma
4,train,96587,glioma
4,train,MR024780E,glioma
4,train,MR026175E,glioma
4,train,MR040240D,glioma
4,train,MR017260F,glioma
4,train,53669,meningioma
4,train,88510,meningioma
4,validation,100360,meningioma
4,validation,101016,meningioma
4,validation,107494,meningioma
4,validation,108945,meningioma
4,validation,111366,meningioma
4,validation,112252,meningioma
4,validation,114359,meningioma
4,validation,97607,meningioma
4,validation,97943,meningioma
4,validation,99308,meningioma
4,validation,102929,meningioma
4,validation,106592,meningioma
4,validation,113614,meningioma
4,validation,106062,pituitary
4,validation,102075,glioma
4,validation,104684,pituitary
4,validation,105475,pituitary
4,validation,101145,pituitary
4,validation,103046,pituitary
4,validation,103731,pituitary
4,validation,MR048294,glioma
4,validation,MR024780G,glioma
4,validation,MR049019C,glioma
4,validation,MR051644,glioma
4,validation,MR053110B,glioma
4,validation,MR050687C,glioma
4,validation,MR056144,glioma
4,validation,MR037458C,glioma
4,validation,MR029209G,glioma
4,validation,112847,pituitary
4,validation,110537,pituitary
4,validation,111075,pituitary
4,validation,92897,glioma
4,validation,108479,glioma
4,validation,98889,glioma
4,validation,MR040240C,glioma
4,validation,MR049242C,glioma
4,validation,95969,meningioma
4,test,108590,meningioma
4,test,110116,meningioma
4,test,111077,meningioma
4,test,114018,meningioma
4,test,99017,meningioma
4,test,100820,glioma
4,test,102420,meningioma
4,test,102446,meningioma
4,test,102985,meningioma
4,test,103673,meningioma
4,test,106442,meningioma
4,test,106720,meningioma
4,test,107946,meningioma
4,test,109350,meningioma
4,test,58392,pituitary
4,test,111710,meningioma
4,test,97374,meningioma
4,test,99162,meningioma
4,test,112105,glioma
4,test,104558,pituitary
4,test,104912,pituitary
4,test,97481,pituitary
4,test,98652,pituitary
4,test,101017,pituitary
4,test,101724,pituitary
4,test,103582,pituitary
4,test,MR048294B,glioma
4,test,MR048994,glioma
4,test,MR049104B,glioma
4,test,MR049453B,glioma
4,test,MR050135B,glioma
4,test,MR051796,glioma
4,test,MR051644C,glioma
4,test,MR024780D,glioma
4,test,MR032322C,glioma
4,test,MR040240B,glioma
4,test,MR036496B,glioma
4,test,112649,pituitary
4,test,113274,pituitary
4,test,114094,pituitary
4,test,107429,pituitary
4,test,93825,glioma
4,test,97609,glioma
4,test,105653,glioma
4,test,MR029209I,glioma
4,test,MR053241C,glioma
