layer,type,input_shape,output_shape,kernel,stride,padding,trainable_parameters
features.conv1,Conv2d,"[1, 1, 256, 256]","[1, 32, 254, 254]","(3, 3)","(1, 1)","(0, 0)",320
features.relu1,ReLU,"[1, 32, 254, 254]","[1, 32, 254, 254]",,,,0
features.pool1,MaxPool2d,"[1, 32, 254, 254]","[1, 32, 127, 127]",2,2,0,0
features.conv2,Conv2d,"[1, 32, 127, 127]","[1, 64, 125, 125]","(3, 3)","(1, 1)","(0, 0)",18496
features.relu2,ReLU,"[1, 64, 125, 125]","[1, 64, 125, 125]",,,,0
features.pool2,MaxPool2d,"[1, 64, 125, 125]","[1, 64, 62, 62]",2,2,0,0
features.conv3,Conv2d,"[1, 64, 62, 62]","[1, 64, 60, 60]","(3, 3)","(1, 1)","(0, 0)",36928
features.relu3,ReLU,"[1, 64, 60, 60]","[1, 64, 60, 60]",,,,0
features.pool3,MaxPool2d,"[1, 64, 60, 60]","[1, 64, 30, 30]",2,2,0,0
features.conv4,Conv2d,"[1, 64, 30, 30]","[1, 64, 28, 28]","(3, 3)","(1, 1)","(0, 0)",36928
features.relu4,ReLU,"[1, 64, 28, 28]","[1, 64, 28, 28]",,,,0
features.pool4,MaxPool2d,"[1, 64, 28, 28]","[1, 64, 14, 14]",2,2,0,0
flatten,Flatten,"[1, 64, 14, 14]","[1, 12544]",,,,0
dense,Linear,"[1, 12544]","[1, 64]",,,,802880
relu,ReLU,"[1, 64]","[1, 64]",,,,0
classifier,Linear,"[1, 64]","[1, 4]",,,,260
softmax,Softmax,"[1, 4]","[1, 4]",,,,0
