stratum,class,n,pointing_hit,saliency_mass,iou@0.3,iou@0.5,iou@0.7,chance_hit,center_hit,brain_region_hit
incorrect,glioma,185,0.04864864864864865,0.027128515505313245,0.012342436543666964,0.010384838793350242,0.008317525332076385,0.016216216216216217,0.10270270270270271,0.032432432432432434
incorrect,meningioma,232,0.07758620689655173,0.011061842298736396,0.011931591245408331,0.02560903214009574,0.009397884065415776,0.021551724137931036,0.13793103448275862,0.03017241379310345
incorrect,pituitary,53,0.0,0.0023269242696981134,0.0002967979888166226,0.0,0.0,0.0,0.22641509433962265,0.018867924528301886
correct,glioma,1241,0.0032232070910556,0.009206666488131352,0.0010375255176457185,4.473434382427929e-05,0.0,0.028203062046736505,0.1426269137792103,0.0443190975020145
correct,meningioma,476,0.14705882352941177,0.03695553156830336,0.05323575276626082,0.02484093844563415,0.004076182552893774,0.02100840336134454,0.04411764705882353,0.046218487394957986
correct,pituitary,877,0.04561003420752566,0.011975068707373089,0.018920935343947353,0.009791947712217135,0.001702392582087897,0.004561003420752566,0.22234891676168758,0.01596351197263398
all,ALL,3064,0.04601827676240209,0.01541347622804615,0.015760005875881437,0.009246028328229185,0.002334305639451408,0.01860313315926893,0.14882506527415143,0.03426892950391645
correct,ALL,2594,0.04394757131842714,0.015234557206881116,0.01666208472659226,0.007890262206793454,0.0013235393946293456,0.018889745566692366,0.15150346954510407,0.03508095605242868
incorrect,ALL,470,0.0574468085106383,0.016400956953369777,0.010781298346639155,0.016728703475046822,0.007912875084277854,0.01702127659574468,0.13404255319148936,0.029787234042553193
