bin_lo,bin_hi,n,accuracy,confidence
0.0,0.1,0,,
0.1,0.2,0,,
0.2,0.30000000000000004,0,,
0.30000000000000004,0.4,17,0.35294117647058826,0.374922198955627
0.4,0.5,83,0.5301204819277109,0.4617120900834689
0.5,0.6000000000000001,324,0.5648148148148148,0.5486141866230627
0.6000000000000001,0.7000000000000001,293,0.6177474402730375,0.6529368596692888
0.7000000000000001,0.8,290,0.7931034482758621,0.7525101790140415
0.8,0.9,425,0.8541176470588235,0.8521808560455547
0.9,1.0,1632,0.9724264705882353,0.9814610888365826
